Equipamento;Hora;Latitude;Longitude;Velocidade;RTK
7042.0;00:00:51;-19.759353638;-50.469760895;0.0;Não
7042.0;00:00:55;-19.759356817;-50.469760895;0.0;Não
7042.0;00:05:55;-19.759350459;-50.469748179;0.0;Não
7042.0;00:10:55;-19.759350459;-50.469760895;0.0;Não
7042.0;00:15:55;-19.759363174;-50.469748179;0.0;Não
7042.0;00:20:55;-19.759366353;-50.469760895;0.0;Não
7042.0;00:25:55;-19.759353638;-50.469773610;0.0;Não
7042.0;00:30:55;-19.759350459;-50.469767253;0.0;Não
7042.0;00:35:55;-19.759344101;-50.469760895;0.0;Não
7042.0;00:40:55;-19.759359996;-50.469767253;0.0;Não
7042.0;00:45:55;-19.759353638;-50.469760895;0.0;Não
7042.0;00:48:51;-19.759751002;-50.469977061;6.0;Sim
7042.0;00:49:52;-19.760548910;-50.470441182;5.8;Sim
7042.0;00:50:44;-19.761162440;-50.470790863;0.0;Não
7042.0;00:51:36;-19.761372248;-50.470403035;1.2;Sim
7042.0;00:51:42;-19.761340459;-50.470377604;2.9;Sim
7042.0;00:52:24;-19.760873159;-50.470116933;5.1;Sim
7042.0;00:52:43;-19.760615667;-50.469964345;5.8;Sim
7042.0;00:53:04;-19.760329564;-50.469792684;6.4;Sim
7042.0;00:53:51;-19.759716034;-50.469443003;5.8;Sim
7042.0;00:54:35;-19.759121577;-50.469093323;5.9;Sim
7042.0;00:55:36;-19.758349101;-50.468654633;6.0;Sim
7042.0;00:56:36;-19.757579803;-50.468196869;5.7;Sim
7042.0;00:57:37;-19.756775538;-50.467739105;5.3;Sim
7042.0;00:58:26;-19.756133397;-50.467376709;6.2;Sim
7042.0;00:58:33;-19.756041209;-50.467319489;6.5;Sim
7042.0;00:59:05;-19.755701065;-50.467128754;0.0;Não
7042.0;00:59:52;-19.755634308;-50.467624664;1.6;Sim
7042.0;01:00:00;-19.755685170;-50.467656453;4.2;Sim
7042.0;01:01:06;-19.756470362;-50.468107859;5.9;Sim
7042.0;01:01:13;-19.756562551;-50.468158722;5.9;Sim
7042.0;01:02:12;-19.757354101;-50.468622843;7.0;Sim
7042.0;01:03:11;-19.758142471;-50.469074249;6.0;Sim
7042.0;01:04:12;-19.758962631;-50.469538371;5.9;Sim
7042.0;01:05:12;-19.759754181;-50.470002492;5.6;Sim
7042.0;01:05:39;-19.760100683;-50.470199585;5.6;Sim
7042.0;01:06:39;-19.760895411;-50.470670064;7.3;Sim
7042.0;01:07:01;-19.761149724;-50.470816294;0.0;Não
7042.0;01:07:55;-19.761349996;-50.470377604;3.2;Sim
7042.0;01:09:02;-19.760545731;-50.469894409;5.8;Sim
7042.0;01:09:18;-19.760329564;-50.469773610;6.3;Sim
7042.0;01:09:47;-19.759938558;-50.469557444;5.8;Sim
7042.0;01:10:48;-19.759140650;-50.469093323;4.8;Sim
7042.0;01:11:34;-19.758565267;-50.468756358;0.0;Não
7042.0;01:11:39;-19.758577983;-50.468743642;7.8;Não
7042.0;01:11:51;-19.758597056;-50.468769073;0.0;Não
7042.0;01:11:55;-19.758593877;-50.468769073;0.0;Não
7042.0;01:16:55;-19.758590698;-50.468756358;0.0;Não
7042.0;01:21:55;-19.758587519;-50.468781789;0.0;Não
7042.0;01:26:19;-19.758577983;-50.468756358;1.8;Sim
7042.0;01:26:25;-19.758536657;-50.468724569;5.5;Sim
7042.0;01:26:47;-19.758272807;-50.468571981;5.8;Sim
7042.0;01:27:50;-19.757474899;-50.468114217;5.6;Sim
7042.0;01:28:18;-19.757071177;-50.467885335;6.6;Sim
7042.0;01:29:00;-19.756454468;-50.467529297;7.0;Sim
7042.0;01:29:06;-19.756425858;-50.467529297;0.0;Não
7042.0;01:29:23;-19.756492615;-50.467548370;3.7;Sim
7042.0;01:30:38;-19.755720139;-50.467116038;0.0;Não
7042.0;01:30:47;-19.755736033;-50.467122396;3.0;Sim
7042.0;01:31:32;-19.755637487;-50.467643738;3.4;Sim
7042.0;01:31:37;-19.755678813;-50.467669169;3.6;Sim
7042.0;01:31:50;-19.755691528;-50.467675527;1.5;Sim
7042.0;01:32:02;-19.755815506;-50.467751821;6.1;Sim
7042.0;01:32:47;-19.756441752;-50.468114217;6.8;Sim
7042.0;01:33:21;-19.756947200;-50.468406677;7.0;Sim
7042.0;01:34:16;-19.757748286;-50.468864441;6.5;Sim
7042.0;01:34:48;-19.758231481;-50.469131470;6.6;Sim
7042.0;01:35:42;-19.759019852;-50.469595591;6.6;Sim
7042.0;01:36:22;-19.759598414;-50.469932556;6.9;Sim
7042.0;01:37:15;-19.760389964;-50.470383962;6.5;Sim
7042.0;01:38:11;-19.761143366;-50.470809937;0.0;Não
7042.0;01:39:01;-19.761384964;-50.470371246;1.0;Sim
7042.0;01:39:09;-19.761343638;-50.470345815;2.8;Sim
7042.0;01:40:01;-19.760711034;-50.469977061;6.9;Sim
7042.0;01:40:36;-19.760189692;-50.469678243;6.6;Sim
7042.0;01:41:29;-19.759391785;-50.469220479;6.1;Sim
7042.0;01:42:23;-19.758597056;-50.468769073;5.2;Sim
7042.0;01:42:30;-19.758492152;-50.468711853;6.8;Sim
7042.0;01:42:59;-19.758062998;-50.468457540;7.3;Sim
7042.0;01:43:51;-19.757268270;-50.467999776;6.8;Sim
7042.0;01:44:11;-19.756969452;-50.467821757;6.5;Sim
7042.0;01:44:50;-19.756464005;-50.467529297;1.7;Sim
7042.0;01:45:02;-19.756492615;-50.467529297;3.8;Sim
7042.0;01:46:27;-19.755707423;-50.467096965;0.0;Não
7042.0;01:47:16;-19.755647024;-50.467669169;2.9;Sim
7042.0;01:47:21;-19.755678813;-50.467681885;3.3;Sim
7042.0;01:47:30;-19.755678813;-50.467694600;0.0;Não
7042.0;01:48:09;-19.756168365;-50.467961629;6.9;Sim
7042.0;01:49:51;-19.757773717;-50.468889872;7.4;Sim
7042.0;01:49:55;-19.757834117;-50.468928019;6.9;Sim
7042.0;01:50:47;-19.758625666;-50.469379425;6.3;Sim
7042.0;01:50:53;-19.758714676;-50.469423930;7.0;Sim
7042.0;01:51:07;-19.758940379;-50.469563802;7.3;Sim
7042.0;01:51:45;-19.759372711;-50.469805400;0.0;Não
7042.0;01:51:50;-19.759372711;-50.469805400;0.0;Não
7042.0;01:52:04;-19.759382248;-50.469818115;1.7;Sim
7042.0;01:53:08;-19.760173798;-50.470282237;5.3;Sim
7042.0;01:53:14;-19.760253270;-50.470320384;6.5;Sim
7042.0;01:54:14;-19.761047999;-50.470784505;6.2;Sim
7042.0;01:54:37;-19.761197408;-50.470778147;3.8;Não
7042.0;01:55:24;-19.761375427;-50.470352173;1.2;Sim
7042.0;01:55:32;-19.761330922;-50.470320384;2.6;Sim
7042.0;01:55:43;-19.761254628;-50.470269521;3.1;Sim
7042.0;01:56:38;-19.760590235;-50.469888051;6.0;Sim
7042.0;01:57:40;-19.759789149;-50.469436646;5.7;Sim
7042.0;01:58:41;-19.758997599;-50.468972524;5.1;Sim
7042.0;01:59:52;-19.758196513;-50.468514760;5.4;Sim
7042.0;02:00:00;-19.758094788;-50.468457540;7.4;Sim
7042.0;02:00:59;-19.757293701;-50.467993418;6.0;Sim
7042.0;02:01:18;-19.757036209;-50.467840830;6.5;Sim
7042.0;02:01:44;-19.756696065;-50.467643738;6.5;Sim
7042.0;02:02:09;-19.756476720;-50.467522939;0.0;Não
7042.0;02:02:20;-19.756518046;-50.467529297;4.8;Sim
7042.0;02:02:35;-19.756444931;-50.467465719;1.1;Sim
7042.0;02:02:59;-19.756406784;-50.467433929;2.7;Sim
7042.0;02:03:15;-19.756432215;-50.467446645;3.0;Sim
7042.0;02:03:34;-19.756384532;-50.467446645;0.0;Não
7042.0;02:03:55;-19.756292343;-50.467408498;0.0;Não
7042.0;02:05:02;-19.755720139;-50.467071533;0.0;Não
7042.0;02:06:08;-19.755612055;-50.467669169;2.3;Sim
7042.0;02:06:13;-19.755653381;-50.467694600;3.5;Sim
7042.0;02:06:39;-19.755755107;-50.467751821;0.0;Não
7042.0;02:06:50;-19.755758286;-50.467751821;0.0;Não
7042.0;02:06:54;-19.755758286;-50.467751821;0.0;Não
7042.0;02:11:57;-19.755761464;-50.467758179;0.0;Não
7042.0;02:16:57;-19.755767822;-50.467751821;0.0;Não
7042.0;02:21:57;-19.755764643;-50.467758179;0.0;Não
7042.0;02:26:57;-19.755758286;-50.467732747;0.0;Não
7042.0;02:31:57;-19.755771001;-50.467732747;0.0;Não
7042.0;02:32:24;-19.755780538;-50.467751821;0.0;Não
7042.0;02:32:31;-19.755828222;-50.467770894;4.5;Sim
7042.0;02:33:07;-19.756289164;-50.468044281;6.5;Sim
7042.0;02:33:28;-19.756575267;-50.468215942;5.6;Sim
7042.0;02:34:28;-19.757366816;-50.468667348;5.9;Sim
7042.0;02:35:27;-19.758164724;-50.469125112;5.3;Sim
7042.0;02:36:27;-19.758953094;-50.469582876;5.5;Sim
7042.0;02:36:39;-19.759112040;-50.469671885;6.5;Sim
7042.0;02:37:39;-19.759897232;-50.470136007;5.8;Sim
7042.0;02:38:40;-19.760691961;-50.470587413;5.8;Sim
7042.0;02:39:18;-19.761146545;-50.470848083;0.0;Não
7042.0;02:40:28;-19.761375427;-50.470326742;3.8;Sim
7042.0;02:41:31;-19.760758718;-50.469964345;5.4;Sim
7042.0;02:43:30;-19.759159724;-50.469036102;6.2;Sim
7042.0;02:44:25;-19.758438110;-50.468641917;4.7;Sim
7042.0;02:44:38;-19.758266449;-50.468527476;6.1;Sim
7042.0;02:45:08;-19.757869085;-50.468304952;5.4;Sim
7042.0;02:46:08;-19.757074356;-50.467840830;6.1;Sim
7042.0;02:47:02;-19.756486257;-50.467503866;0.0;Não
7042.0;02:47:16;-19.756556193;-50.467529297;4.4;Sim
7042.0;02:47:39;-19.756451289;-50.467433929;0.0;Não
7042.0;02:50:13;-19.755637487;-50.467694600;3.4;Sim
7042.0;02:50:17;-19.755672455;-50.467707316;4.7;Sim
7042.0;02:50:59;-19.756114324;-50.467967987;6.7;Sim
7042.0;02:51:59;-19.756921768;-50.468432109;6.7;Sim
7042.0;02:53:24;-19.758075714;-50.469099681;6.4;Sim
7042.0;02:53:50;-19.758409500;-50.469284058;5.5;Sim
7042.0;02:54:02;-19.758571625;-50.469379425;6.0;Sim
7042.0;02:55:02;-19.759375890;-50.469843547;5.9;Sim
7042.0;02:56:03;-19.760176977;-50.470301310;6.8;Sim
7042.0;02:57:18;-19.761044820;-50.470803579;0.0;Não
7042.0;02:57:22;-19.761044820;-50.470803579;0.0;Não
7042.0;02:57:33;-19.761063894;-50.470809937;1.7;Sim
7042.0;02:57:50;-19.761178335;-50.470816294;3.8;Não
7042.0;02:58:49;-19.761372248;-50.470301310;2.2;Sim
7042.0;02:59:58;-19.760583878;-50.469849904;6.3;Sim
7042.0;03:00:09;-19.760431290;-50.469760895;6.0;Sim
7042.0;03:00:36;-19.760052999;-50.469544729;5.9;Sim
7042.0;03:01:37;-19.759223302;-50.469067891;6.4;Sim
7042.0;03:02:30;-19.758511225;-50.468654633;6.2;Sim
7042.0;03:03:02;-19.758082072;-50.468406677;6.0;Sim
7042.0;03:04:01;-19.757280986;-50.467942556;6.3;Sim
7042.0;03:05:07;-19.756505330;-50.467503866;1.4;Sim
7042.0;03:05:20;-19.756508509;-50.467491150;4.1;Sim
7042.0;03:06:55;-19.755726496;-50.467046102;1.7;Não
7042.0;03:08:03;-19.755602519;-50.467694600;0.0;Não
7042.0;03:08:07;-19.755624771;-50.467700958;2.9;Sim
7042.0;03:09:03;-19.756196976;-50.468025208;5.3;Sim
7042.0;03:10:39;-19.757315954;-50.468673706;5.2;Sim
7042.0;03:11:41;-19.758113861;-50.469125112;6.1;Sim
7042.0;03:12:40;-19.758902232;-50.469589233;5.5;Sim
7042.0;03:13:40;-19.759690603;-50.470046997;6.0;Sim
7042.0;03:14:40;-19.760482152;-50.470504761;6.4;Sim
7042.0;03:15:32;-19.761121114;-50.470873515;0.0;Não
7042.0;03:16:42;-19.761378606;-50.470294952;1.4;Sim
7042.0;03:17:53;-19.760587056;-50.469824473;7.1;Sim
7042.0;03:18:31;-19.760021210;-50.469500224;7.2;Sim
7042.0;03:19:25;-19.759216944;-50.469036102;6.5;Sim
7042.0;03:20:23;-19.758380890;-50.468546549;6.4;Sim
7042.0;03:20:43;-19.758088430;-50.468374888;6.6;Sim
7042.0;03:21:06;-19.757741928;-50.468177795;7.3;Sim
7042.0;03:22:05;-19.757004420;-50.467751821;0.0;Não
7042.0;03:22:17;-19.757020315;-50.467764537;0.0;Não
7042.0;03:22:22;-19.757020315;-50.467764537;0.0;Não
7042.0;03:25:00;-19.757010778;-50.467764537;1.3;Sim
7042.0;03:25:39;-19.756572088;-50.467497508;5.9;Sim
7042.0;03:26:01;-19.756346385;-50.467376709;5.1;Sim
7042.0;03:26:53;-19.755736033;-50.467027028;0.0;Não
7042.0;03:27:53;-19.755592982;-50.467700958;2.6;Sim
7042.0;03:28:00;-19.755640666;-50.467726390;2.9;Sim
7042.0;03:29:03;-19.756359100;-50.468146006;5.5;Sim
7042.0;03:29:42;-19.756877263;-50.468438466;6.2;Sim
7042.0;03:30:42;-19.757668813;-50.468896230;5.7;Sim
7042.0;03:31:43;-19.758466721;-50.469360352;5.7;Sim
7042.0;03:32:44;-19.759255091;-50.469818115;6.1;Sim
7042.0;03:33:46;-19.760052999;-50.470269521;5.4;Sim
7042.0;03:34:46;-19.760850906;-50.470733643;6.8;Sim
7042.0;03:35:09;-19.761117935;-50.470879873;0.0;Não
7042.0;03:36:17;-19.761400859;-50.470294952;2.2;Sim
7042.0;03:36:25;-19.761369069;-50.470269521;2.3;Sim
7042.0;03:37:34;-19.760574341;-50.469805400;6.1;Sim
7042.0;03:37:47;-19.760389964;-50.469703674;6.6;Sim
7042.0;03:38:47;-19.759595235;-50.469245911;5.8;Sim
7042.0;03:39:49;-19.758794149;-50.468781789;5.5;Sim
7042.0;03:40:44;-19.758129756;-50.468400319;0.0;Não
7042.0;03:40:52;-19.758132935;-50.468400319;0.0;Não
7042.0;03:41:03;-19.758132935;-50.468400319;0.0;Não
7042.0;03:46:08;-19.758142471;-50.468400319;0.0;Não
7042.0;03:51:08;-19.758132935;-50.468393962;0.0;Não
7042.0;03:54:48;-19.758117040;-50.468400319;1.1;Sim
7042.0;03:55:57;-19.757322311;-50.467936198;5.9;Sim
7042.0;03:56:04;-19.757230123;-50.467878977;6.3;Sim
7042.0;03:56:54;-19.756568909;-50.467497508;5.7;Sim
7042.0;03:57:32;-19.756292343;-50.467332204;0.0;Não
7042.0;03:57:38;-19.756285985;-50.467332204;3.1;Sim
7042.0;03:57:55;-19.756095250;-50.467230479;6.1;Sim
7042.0;03:58:28;-19.755732854;-50.467007955;0.0;Não
7042.0;03:59:38;-19.755618413;-50.467732747;3.3;Sim
7042.0;04:00:46;-19.756416321;-50.468196869;5.8;Sim
7042.0;04:01:46;-19.757217407;-50.468654633;6.5;Sim
7042.0;04:02:19;-19.757668813;-50.468915304;5.9;Sim
7042.0;04:02:52;-19.758113861;-50.469175975;6.6;Sim
7042.0;04:03:49;-19.758892695;-50.469621023;5.9;Sim
7042.0;04:05:49;-19.760482152;-50.470530192;6.2;Sim
7042.0;04:06:27;-19.760997136;-50.470822652;6.0;Sim
7042.0;04:06:53;-19.761146545;-50.470911662;0.0;Não
7042.0;04:08:00;-19.760812759;-50.471483866;1.7;Sim
7042.0;04:08:07;-19.760771434;-50.471458435;4.6;Sim
7042.0;04:08:19;-19.760733287;-50.471433004;0.0;Não
7042.0;04:08:34;-19.760726929;-50.471433004;2.6;Sim
7042.0;04:09:37;-19.759925842;-50.470981598;5.8;Sim
7042.0;04:10:32;-19.759194692;-50.470555623;5.8;Sim
7042.0;04:11:32;-19.758399963;-50.470097860;6.1;Sim
7042.0;04:12:18;-19.757799149;-50.469760895;5.9;Sim
7042.0;04:12:34;-19.757589340;-50.469640096;5.7;Sim
7042.0;04:12:44;-19.757459005;-50.469563802;6.2;Sim
7042.0;04:13:44;-19.756664276;-50.469099681;5.5;Sim
7042.0;04:13:53;-19.756556193;-50.469036102;6.1;Sim
7042.0;04:14:04;-19.756413142;-50.468953451;6.1;Sim
7042.0;04:15:03;-19.755618413;-50.468489329;6.2;Sim
7042.0;04:15:21;-19.755443573;-50.468393962;1.5;Não
7042.0;04:16:14;-19.755577087;-50.467739105;1.1;Sim
7042.0;04:16:23;-19.755608877;-50.467751821;2.0;Sim
7042.0;04:16:47;-19.755694707;-50.467789968;0.0;Não
7042.0;04:16:51;-19.755694707;-50.467789968;0.0;Não
7042.0;04:18:03;-19.756464005;-50.468247732;6.3;Sim
7042.0;04:18:21;-19.756702423;-50.468368530;6.3;Sim
7042.0;04:19:23;-19.757493973;-50.468832652;6.3;Sim
7042.0;04:19:31;-19.757589340;-50.468896230;5.9;Sim
7042.0;04:20:30;-19.758387248;-50.469353994;5.8;Sim
7042.0;04:21:25;-19.759083430;-50.469741821;5.3;Sim
7042.0;04:21:48;-19.759379069;-50.469919840;5.7;Sim
7042.0;04:22:53;-19.760186513;-50.470383962;5.5;Sim
7042.0;04:23:06;-19.760358175;-50.470485687;6.4;Sim
7042.0;04:24:30;-19.761152903;-50.470937093;1.2;Não
7042.0;04:25:28;-19.760828654;-50.471483866;1.1;Sim
7042.0;04:25:35;-19.760800044;-50.471471151;2.6;Sim
7042.0;04:26:33;-19.760205587;-50.471115112;5.8;Sim
7042.0;04:27:13;-19.759671529;-50.470809937;5.9;Sim
7042.0;04:27:28;-19.759471258;-50.470695496;5.9;Sim
7042.0;04:28:28;-19.758673350;-50.470231374;6.1;Sim
7042.0;04:29:32;-19.757834117;-50.469748179;6.3;Sim
7042.0;04:30:00;-19.757474899;-50.469538371;5.8;Sim
7042.0;04:31:01;-19.756670634;-50.469080607;5.9;Sim
7042.0;04:32:01;-19.755872726;-50.468622843;5.9;Sim
7042.0;04:32:06;-19.755815506;-50.468584696;5.2;Sim
7042.0;04:32:45;-19.755443573;-50.468285878;5.8;Não
7042.0;04:33:43;-19.755618413;-50.467770894;2.4;Sim
7042.0;04:34:03;-19.755691528;-50.467815399;0.0;Não
7042.0;04:34:47;-19.756196976;-50.468101501;6.3;Sim
7042.0;04:35:49;-19.756966273;-50.468540192;5.7;Sim
7042.0;04:36:36;-19.757582982;-50.468915304;6.1;Sim
7042.0;04:37:35;-19.758374532;-50.469360352;6.1;Sim
7042.0;04:38:28;-19.759092967;-50.469767253;5.9;Sim
7042.0;04:39:08;-19.759604772;-50.470078786;5.5;Sim
7042.0;04:40:11;-19.760409037;-50.470530192;6.4;Sim
7042.0;04:40:32;-19.760698318;-50.470708211;6.0;Sim
7042.0;04:41:16;-19.761089325;-50.470930735;1.6;Sim
7042.0;04:42:38;-19.760825475;-50.471471151;2.1;Sim
7042.0;04:42:44;-19.760800044;-50.471471151;1.5;Sim
7042.0;04:43:05;-19.760726929;-50.471413930;0.0;Não
7042.0;04:43:11;-19.760730108;-50.471413930;0.0;Não
7042.0;04:48:11;-19.760733287;-50.471413930;0.0;Não
7042.0;04:53:11;-19.760723750;-50.471401215;0.0;Não
7042.0;04:58:11;-19.760711034;-50.471420288;0.0;Não
7042.0;05:03:11;-19.760711034;-50.471413930;0.0;Não
7042.0;05:08:11;-19.760711034;-50.471413930;0.0;Não
7042.0;05:09:12;-19.760704676;-50.471413930;0.0;Não
7042.0;05:11:17;-19.759147008;-50.470504761;6.1;Sim
7042.0;05:12:18;-19.758330027;-50.470046997;6.2;Sim
7042.0;05:13:19;-19.757535299;-50.469589233;6.1;Sim
7042.0;05:14:59;-19.756222407;-50.468826294;5.5;Sim
7042.0;05:15:59;-19.755440394;-50.468374888;3.2;Não
7042.0;05:17:04;-19.755583445;-50.467783610;2.1;Sim
7042.0;05:17:23;-19.755694707;-50.467847188;0.0;Não
7042.0;05:17:30;-19.755697886;-50.467847188;0.0;Não
7042.0;05:17:35;-19.755697886;-50.467847188;0.0;Não
7042.0;05:17:48;-19.755701065;-50.467847188;1.9;Sim
7042.0;05:20:38;-19.757904053;-50.469125112;5.8;Sim
7042.0;05:21:37;-19.758692424;-50.469570160;5.1;Sim
7042.0;05:22:05;-19.759077072;-50.469792684;6.2;Sim
7042.0;05:22:41;-19.759544373;-50.470059713;6.2;Sim
7042.0;05:23:44;-19.760342280;-50.470523834;5.7;Sim
7042.0;05:24:44;-19.761082967;-50.470956167;0.0;Não
7042.0;05:25:32;-19.760822296;-50.471458435;2.2;Sim
7042.0;05:25:41;-19.760784149;-50.471445719;3.3;Sim
7042.0;05:25:59;-19.760720571;-50.471401215;0.0;Não
7042.0;05:26:06;-19.760688782;-50.471375783;3.6;Sim
7042.0;05:27:08;-19.759884516;-50.470911662;5.0;Sim
7042.0;05:28:10;-19.759054820;-50.470434825;6.2;Sim
7042.0;05:29:11;-19.758250554;-50.469970703;5.1;Sim
7042.0;05:29:18;-19.758161545;-50.469913483;6.3;Sim
7042.0;05:30:16;-19.757369995;-50.469468435;5.7;Sim
7042.0;05:31:15;-19.756575267;-50.469017029;6.6;Sim
7042.0;05:32:15;-19.755780538;-50.468546549;6.6;Sim
7042.0;05:32:20;-19.755716960;-50.468508403;6.0;Sim
7042.0;05:32:32;-19.755554835;-50.468419393;5.8;Sim
7042.0;05:32:46;-19.755424500;-50.468343099;0.0;Não
7042.0;05:33:43;-19.755577087;-50.467783610;1.0;Sim
7042.0;05:33:51;-19.755618413;-50.467796326;3.6;Sim
7042.0;05:34:10;-19.755678813;-50.467840830;0.0;Não
7042.0;05:34:17;-19.755678813;-50.467840830;1.6;Não
7042.0;05:35:07;-19.756263733;-50.468171438;5.1;Sim
7042.0;05:36:09;-19.757064819;-50.468635559;5.7;Sim
7042.0;05:36:58;-19.757687887;-50.468991597;6.5;Sim
7042.0;05:37:56;-19.758485794;-50.469449361;6.5;Sim
7042.0;05:38:25;-19.758733749;-50.469595591;0.0;Não
7042.0;05:38:43;-19.758749644;-50.469601949;0.0;Não
7042.0;05:43:47;-19.758727392;-50.469582876;0.0;Não
7042.0;05:48:47;-19.758724213;-50.469589233;0.0;Não
7042.0;05:53:47;-19.758733749;-50.469601949;0.0;Não
7042.0;05:55:34;-19.758730570;-50.469601949;0.0;Não
7042.0;05:56:55;-19.759534836;-50.470059713;4.7;Sim
7042.0;05:57:02;-19.759620667;-50.470110575;5.9;Sim
7042.0;05:58:03;-19.760399501;-50.470561981;6.1;Sim
7042.0;05:58:58;-19.761079788;-50.470956167;0.0;Não
7042.0;05:59:47;-19.760831833;-50.471445719;1.3;Sim
7042.0;05:59:56;-19.760790507;-50.471420288;2.9;Sim
7042.0;06:01:11;-19.759992599;-50.470962524;5.7;Sim
7042.0;06:01:26;-19.759779612;-50.470841726;6.5;Sim
7042.0;06:02:22;-19.758984884;-50.470383962;6.6;Sim
7042.0;06:02:36;-19.758797328;-50.470269521;6.3;Sim
7042.0;06:03:32;-19.758005778;-50.469818115;6.6;Sim
7042.0;06:04:29;-19.757201513;-50.469341278;6.5;Sim
7042.0;06:05:25;-19.756394068;-50.468889872;6.8;Sim
7042.0;06:06:21;-19.755602519;-50.468432109;6.2;Sim
7042.0;06:06:49;-19.755424500;-50.468317668;0.0;Não
7042.0;06:07:48;-19.755564372;-50.467809041;1.3;Sim
7042.0;06:07:56;-19.755599340;-50.467821757;2.7;Sim
7042.0;06:08:14;-19.755669276;-50.467853546;0.0;Não
7042.0;06:09:24;-19.756502151;-50.468324025;5.2;Sim
7042.0;06:10:07;-19.757048925;-50.468641917;5.4;Sim
7042.0;06:11:10;-19.757834117;-50.469099681;5.6;Sim
7042.0;06:11:56;-19.758425395;-50.469443003;5.8;Sim
7042.0;06:12:09;-19.758590698;-50.469532013;6.2;Sim
7042.0;06:12:33;-19.758895874;-50.469703674;5.9;Sim
7042.0;06:13:36;-19.759693782;-50.470174154;5.8;Sim
7042.0;06:14:38;-19.760475794;-50.470619202;5.3;Sim
7042.0;06:15:31;-19.761060715;-50.470968882;0.0;Não
7042.0;06:16:31;-19.760812759;-50.471420288;3.8;Sim
7042.0;06:16:39;-19.760749181;-50.471375783;0.0;Não
7042.0;06:17:02;-19.760733287;-50.471369425;3.1;Sim
7042.0;06:17:50;-19.760110219;-50.471013387;7.1;Sim
7042.0;06:19:31;-19.758641561;-50.470167796;6.2;Sim
7042.0;06:20:08;-19.758129756;-50.469875336;3.0;Sim
7042.0;06:21:09;-19.757341385;-50.469417572;4.8;Sim
7042.0;06:21:49;-19.756829580;-50.469125112;4.8;Sim
7042.0;06:22:19;-19.756460826;-50.468915304;6.0;Sim
7042.0;06:23:04;-19.755856832;-50.468571981;6.1;Sim
7042.0;06:23:53;-19.755453110;-50.468317668;1.0;Não
7042.0;06:25:05;-19.755577087;-50.467828115;1.3;Sim
7042.0;06:25:09;-19.755592982;-50.467840830;2.4;Sim
7042.0;06:25:26;-19.755637487;-50.467853546;0.0;Não
7042.0;06:25:31;-19.755637487;-50.467853546;0.0;Não
7042.0;06:30:05;-19.755643845;-50.467872620;1.3;Sim
7042.0;06:31:15;-19.756441752;-50.468324025;6.4;Sim
7042.0;06:32:17;-19.757258733;-50.468788147;5.8;Sim
7042.0;06:33:17;-19.758047104;-50.469252268;5.7;Sim
7042.0;06:33:35;-19.758272807;-50.469385783;6.3;Sim
7042.0;06:34:12;-19.758756002;-50.469671885;5.9;Sim
7042.0;06:35:11;-19.759525299;-50.470097860;5.9;Sim
7042.0;06:35:47;-19.759998957;-50.470383962;6.0;Sim
7042.0;06:36:47;-19.760793686;-50.470848083;7.0;Sim
7042.0;06:37:13;-19.761057536;-50.470987956;0.0;Não
7042.0;06:37:18;-19.761060715;-50.470987956;0.0;Não
7042.0;06:38:01;-19.760895411;-50.471305847;0.0;Não
7042.0;06:43:04;-19.760898590;-50.471305847;0.0;Não
7042.0;06:48:04;-19.760908127;-50.471312205;0.0;Não
7042.0;06:49:31;-19.760908127;-50.471318563;0.0;Não
7042.0;06:50:05;-19.760873159;-50.471452077;4.0;Não
7042.0;06:50:29;-19.760857264;-50.471426646;1.1;Sim
7042.0;06:52:23;-19.759995778;-50.470937093;4.5;Sim
7042.0;06:53:38;-19.759188334;-50.470485687;4.8;Sim
7042.0;06:54:53;-19.758396784;-50.470021566;5.5;Sim
7042.0;06:55:13;-19.758190155;-50.469894409;4.2;Sim
7042.0;06:56:27;-19.757408142;-50.469449361;4.6;Sim
7042.0;06:57:40;-19.756603877;-50.468985240;4.9;Sim
7042.0;06:58:53;-19.755805969;-50.468527476;5.0;Sim
7042.0;06:59:39;-19.755446752;-50.468317668;1.3;Não
7042.0;07:00:27;-19.755567551;-50.467847188;0.0;Não
7042.0;07:02:43;-19.755561193;-50.467840830;0.0;Não
7042.0;07:02:57;-19.755567551;-50.467847188;1.1;Sim
7042.0;07:03:02;-19.755580266;-50.467853546;3.1;Sim
7042.0;07:04:26;-19.756381353;-50.468304952;5.5;Sim
7042.0;07:05:33;-19.757166545;-50.468756358;5.4;Sim
7042.0;07:06:42;-19.757964452;-50.469220479;5.0;Sim
7042.0;07:07:53;-19.758787791;-50.469703674;6.2;Sim
7042.0;07:09:01;-19.759572983;-50.470155080;6.1;Sim
7042.0;07:10:10;-19.760367711;-50.470612844;4.5;Sim
7042.0;07:11:14;-19.761070251;-50.471013387;0.0;Não
7042.0;07:12:00;-19.760850906;-50.471413930;3.4;Sim
7042.0;07:12:04;-19.760806402;-50.471394857;4.7;Sim
7042.0;07:13:19;-19.760024389;-50.470937093;5.5;Sim
7042.0;07:14:21;-19.759236018;-50.470485687;6.0;Sim
7042.0;07:15:24;-19.758447647;-50.470027924;5.3;Sim
7042.0;07:15:38;-19.758269628;-50.469913483;5.8;Sim
7042.0;07:16:41;-19.757471720;-50.469449361;6.0;Sim
7042.0;07:17:42;-19.756664276;-50.468991597;5.9;Sim
7042.0;07:18:43;-19.755860011;-50.468527476;6.6;Sim
7042.0;07:19:25;-19.755449931;-50.468279521;5.2;Não
7042.0;07:20:12;-19.755577087;-50.467859904;2.0;Sim
7042.0;07:20:16;-19.755605698;-50.467885335;4.4;Sim
7042.0;07:21:33;-19.756390889;-50.468343099;6.2;Sim
7042.0;07:22:38;-19.757188797;-50.468800863;5.8;Sim
7042.0;07:23:32;-19.757865906;-50.469195048;5.1;Sim
7042.0;07:24:35;-19.758657455;-50.469652812;6.5;Sim
7042.0;07:25:38;-19.759455363;-50.470097860;5.1;Sim
7042.0;07:26:41;-19.760246913;-50.470561981;6.3;Sim
7042.0;07:27:46;-19.761035283;-50.471019745;3.5;Sim
7042.0;07:28:10;-19.761025747;-50.471165975;7.2;Não
7042.0;07:28:37;-19.760876338;-50.471420288;1.0;Sim
7042.0;07:28:44;-19.760819117;-50.471388499;4.0;Sim
7042.0;07:30:02;-19.760040283;-50.470937093;6.1;Sim
7042.0;07:31:07;-19.759236018;-50.470472972;5.7;Sim
7042.0;07:32:10;-19.758460363;-50.470027924;4.8;Sim
7042.0;07:32:24;-19.758298238;-50.469938914;5.4;Sim
7042.0;07:33:33;-19.757497152;-50.469474792;5.9;Sim
7042.0;07:34:40;-19.756702423;-50.469017029;5.1;Sim
7042.0;07:34:57;-19.756632487;-50.468978882;0.0;Não
7042.0;07:35:01;-19.756629308;-50.468978882;2.1;Sim
7042.0;07:36:02;-19.755844116;-50.468521118;6.4;Sim
7042.0;07:36:41;-19.755475362;-50.468311310;1.4;Não
7042.0;07:37:29;-19.755596161;-50.467898051;3.6;Sim
7042.0;07:37:49;-19.755675634;-50.467942556;0.0;Não
7042.0;07:38:04;-19.755809148;-50.468025208;5.2;Sim
7042.0;07:39:07;-19.756607056;-50.468482971;5.9;Sim
7042.0;07:40:10;-19.757404963;-50.468934377;6.3;Sim
7042.0;07:40:22;-19.757551193;-50.469029744;6.1;Sim
7042.0;07:41:23;-19.758342743;-50.469481150;5.8;Sim
7042.0;07:42:25;-19.759137472;-50.469945272;5.8;Sim
7042.0;07:43:29;-19.759935379;-50.470409393;5.5;Sim
7042.0;07:44:32;-19.760733287;-50.470867157;6.2;Sim
7042.0;07:45:03;-19.761047999;-50.471045176;0.0;Não
7042.0;07:45:17;-19.761019389;-50.471191406;6.5;Não
7042.0;07:45:46;-19.760873159;-50.471394857;3.6;Sim
7042.0;07:45:52;-19.760825475;-50.471369425;3.5;Sim
7042.0;07:46:09;-19.760777791;-50.471343994;0.0;Não
7042.0;07:46:34;-19.760507584;-50.471191406;4.8;Sim
7042.0;07:46:41;-19.760421753;-50.471140544;6.6;Sim
7042.0;07:47:26;-19.759833654;-50.470809937;6.0;Sim
7042.0;07:48:28;-19.759038925;-50.470345815;6.3;Sim
7042.0;07:48:57;-19.758666992;-50.470123291;5.6;Sim
7042.0;07:50:00;-19.757872264;-50.469659170;5.6;Sim
7042.0;07:51:04;-19.757077535;-50.469207764;5.1;Sim
7042.0;07:52:06;-19.756276449;-50.468750000;6.5;Sim
7042.0;07:53:20;-19.755475362;-50.468247732;5.8;Não
7042.0;07:54:02;-19.755589803;-50.467898051;2.8;Sim
7042.0;07:54:24;-19.755675634;-50.467942556;0.0;Não
7042.0;07:55:37;-19.756476720;-50.468406677;4.9;Sim
7042.0;07:56:23;-19.757026672;-50.468718211;6.8;Sim
7042.0;07:56:45;-19.757312775;-50.468889872;5.9;Sim
7042.0;07:57:07;-19.757592519;-50.469048818;5.6;Sim
7042.0;07:58:09;-19.758384069;-50.469506582;6.1;Sim
7042.0;07:59:18;-19.759032567;-50.469881694;0.0;Não
7042.0;08:03:55;-19.759042104;-50.469888051;0.0;Não
7042.0;08:04:53;-19.759690603;-50.470256805;5.0;Sim
7042.0;08:05:58;-19.760488510;-50.470727285;5.8;Sim
7042.0;08:06:54;-19.761070251;-50.471051534;0.0;Não
7042.0;08:07:59;-19.760882696;-50.471375783;3.8;Sim
7042.0;08:08:22;-19.760771434;-50.471318563;0.0;Não
7042.0;08:09:31;-19.759954453;-50.470860799;6.2;Sim
7042.0;08:09:59;-19.759601593;-50.470644633;6.7;Sim
7042.0;08:11:01;-19.758806864;-50.470193227;5.4;Sim
7042.0;08:12:06;-19.757996241;-50.469729106;6.1;Sim
7042.0;08:13:09;-19.757207870;-50.469271342;5.4;Sim
7042.0;08:14:12;-19.756403605;-50.468807220;5.7;Sim
7042.0;08:15:14;-19.755612055;-50.468343099;6.3;Sim
7042.0;08:15:39;-19.755488078;-50.468165080;5.8;Não
7042.0;08:16:08;-19.755564372;-50.467910767;2.5;Sim
7042.0;08:16:16;-19.755592982;-50.467929840;3.0;Sim
7042.0;08:16:45;-19.755774180;-50.468025208;4.8;Sim
7042.0;08:17:48;-19.756568909;-50.468482971;5.9;Sim
7042.0;08:18:04;-19.756708781;-50.468565623;0.0;Não
7042.0;08:18:09;-19.756702423;-50.468552907;1.4;Sim
7042.0;08:18:16;-19.756721497;-50.468565623;0.0;Não
7042.0;08:18:23;-19.756715139;-50.468565623;3.0;Sim
7042.0;08:19:41;-19.757506688;-50.469010671;5.1;Sim
7042.0;08:20:47;-19.758307775;-50.469468435;6.3;Sim
7042.0;08:21:53;-19.759099325;-50.469919840;5.6;Sim
7042.0;08:22:58;-19.759897232;-50.470383962;5.2;Sim
7042.0;08:24:05;-19.760695140;-50.470848083;5.1;Sim
7042.0;08:24:40;-19.761073430;-50.471070608;0.0;Não
7042.0;08:25:26;-19.760895411;-50.471363068;3.4;Sim
7042.0;08:25:31;-19.760857264;-50.471343994;4.1;Sim
7042.0;08:26:47;-19.760062536;-50.470892588;5.3;Sim
7042.0;08:27:35;-19.759442647;-50.470530192;6.9;Sim
7042.0;08:27:53;-19.759226481;-50.470409393;5.4;Sim
7042.0;08:28:56;-19.758428574;-50.469945272;5.8;Sim
7042.0;08:29:56;-19.757637024;-50.469481150;6.6;Sim
7042.0;08:30:44;-19.757163366;-50.469214122;0.0;Não
7042.0;08:30:55;-19.757166545;-50.469214122;0.0;Não
7042.0;08:31:00;-19.757166545;-50.469214122;0.0;Não
7042.0;08:36:00;-19.757157008;-50.469214122;0.0;Não
7042.0;08:39:24;-19.757153829;-50.469220479;1.8;Sim
7042.0;08:39:56;-19.756804148;-50.469029744;6.1;Sim
7042.0;08:40:54;-19.756012599;-50.468565623;5.3;Sim
7042.0;08:41:18;-19.755669276;-50.468368530;6.1;Sim
7042.0;08:41:44;-19.755481720;-50.468203227;4.3;Não
7042.0;08:42:23;-19.755583445;-50.467936198;3.0;Sim
7042.0;08:42:42;-19.755726496;-50.468012492;0.0;Não
7042.0;08:43:48;-19.756518046;-50.468463898;6.5;Sim
7042.0;08:44:13;-19.756692886;-50.468571981;0.0;Não
7042.0;08:44:27;-19.756692886;-50.468584696;4.0;Sim
7042.0;08:45:42;-19.757462184;-50.469010671;6.4;Sim
7042.0;08:46:41;-19.758263270;-50.469468435;6.5;Sim
7042.0;08:47:40;-19.759061178;-50.469932556;6.4;Sim
7042.0;08:48:39;-19.759852727;-50.470383962;6.3;Sim
7042.0;08:49:39;-19.760647456;-50.470848083;5.8;Sim
7042.0;08:50:27;-19.761067073;-50.471165975;6.0;Não
7042.0;08:50:57;-19.760943095;-50.471375783;1.8;Sim
7042.0;08:51:06;-19.760869980;-50.471337636;2.7;Sim
7042.0;08:51:26;-19.760790507;-50.471299489;3.7;Sim
7042.0;08:52:51;-19.759646098;-50.470638275;6.7;Sim
7042.0;08:52:55;-19.759595235;-50.470612844;5.6;Sim
7042.0;08:53:39;-19.759032567;-50.470288595;6.9;Sim
7042.0;08:54:42;-19.758231481;-50.469824473;5.8;Sim
7042.0;08:55:13;-19.757827759;-50.469589233;5.2;Sim
7042.0;08:56:15;-19.757020315;-50.469118754;6.5;Sim
7042.0;08:57:14;-19.756219228;-50.468660990;5.7;Sim
7042.0;08:58:15;-19.755523046;-50.468254089;0.0;Não
7042.0;08:58:57;-19.755596161;-50.467955271;2.4;Sim
7042.0;08:59:31;-19.755793254;-50.468063354;5.5;Sim
7042.0;09:00:58;-19.756708781;-50.468610128;3.8;Sim
7042.0;09:02:12;-19.757525762;-50.469048818;5.5;Sim
7042.0;09:03:17;-19.758298238;-50.469506582;5.3;Sim
7042.0;09:04:29;-19.759134293;-50.469977061;5.8;Sim
7042.0;09:05:36;-19.759941737;-50.470441182;5.4;Sim
7042.0;09:06:53;-19.760739644;-50.470905304;5.9;Sim
7042.0;09:07:27;-19.761070251;-50.471102397;0.0;Não
7042.0;09:08:01;-19.760943095;-50.471363068;2.2;Sim
7042.0;09:08:08;-19.760892232;-50.471331278;4.4;Sim
7042.0;09:09:08;-19.760265986;-50.470962524;6.6;Sim
7042.0;09:10:42;-19.758965810;-50.470225016;5.7;Sim
7042.0;09:11:41;-19.758167903;-50.469760895;6.2;Sim
7042.0;09:12:40;-19.757363637;-50.469296773;6.2;Sim
7042.0;09:13:39;-19.756562551;-50.468839010;6.2;Sim
7042.0;09:14:35;-19.755767822;-50.468374888;5.5;Sim
7042.0;09:15:08;-19.755523046;-50.468088786;6.2;Não
7042.0;09:15:32;-19.755596161;-50.467961629;3.1;Sim
7042.0;09:15:36;-19.755621592;-50.467974345;4.9;Sim
7042.0;09:17:06;-19.756619771;-50.468546549;5.5;Sim
7042.0;09:17:19;-19.756708781;-50.468622843;0.0;Não
7042.0;09:17:23;-19.756715139;-50.468622843;3.2;Sim
7042.0;09:18:33;-19.757516225;-50.469067891;5.6;Sim
7042.0;09:19:35;-19.758307775;-50.469525655;5.4;Sim
7042.0;09:20:39;-19.759105682;-50.469977061;6.1;Sim
7042.0;09:21:01;-19.759347280;-50.470116933;0.0;Não
7042.0;09:21:39;-19.759274165;-50.470053355;0.0;Não
7042.0;09:26:42;-19.759264628;-50.470053355;0.0;Não
7042.0;09:31:42;-19.759280523;-50.470053355;0.0;Não
7042.0;09:36:30;-19.759318670;-50.470097860;2.5;Sim
7042.0;09:36:41;-19.759334564;-50.470110575;0.0;Não
7042.0;09:37:00;-19.759518941;-50.470212301;5.1;Sim
7042.0;09:38:10;-19.760313670;-50.470689138;4.5;Sim
7042.0;09:39:23;-19.761044820;-50.471096039;2.1;Não
7042.0;09:40:53;-19.761467616;-50.470256805;2.6;Não
7042.0;09:44:02;-19.761960347;-50.469131470;2.6;Sim
7042.0;09:44:32;-19.761830012;-50.469061534;0.0;Não
7042.0;09:44:36;-19.761830012;-50.469061534;0.0;Não
7042.0;09:45:32;-19.761817296;-50.469061534;0.0;Não
7042.0;09:45:52;-19.761817296;-50.469061534;1.0;Sim
7042.0;09:47:59;-19.761016210;-50.468597412;3.5;Sim
7042.0;09:49:39;-19.760224660;-50.468133291;3.7;Sim
7042.0;09:51:12;-19.759439468;-50.467675527;3.9;Sim
7042.0;09:53:56;-19.758066177;-50.467262268;7.8;Não
7042.0;09:54:04;-19.757951736;-50.467198690;7.6;Não
7042.0;09:54:52;-19.757144292;-50.466829936;7.5;Não
7042.0;09:55:47;-19.756502151;-50.466245015;4.5;Não
7042.0;09:57:19;-19.756470362;-50.465965271;1.4;Sim
7042.0;09:57:26;-19.756425858;-50.465965271;3.5;Sim
7042.0;09:57:39;-19.756346385;-50.465933482;2.0;Sim
7042.0;09:57:52;-19.756387711;-50.465952555;1.8;Sim
7042.0;09:58:04;-19.756368637;-50.465933482;6.5;Sim
7042.0;09:58:20;-19.756317774;-50.465901693;0.0;Não
7042.0;09:58:42;-19.756317774;-50.465901693;1.6;Sim
7042.0;10:00:59;-19.755834579;-50.466620127;3.9;Não
7042.0;10:02:03;-19.755767822;-50.467033386;2.4;Sim
7042.0;10:02:27;-19.755894979;-50.467103322;0.0;Não
7042.0;10:02:31;-19.755901337;-50.467103322;1.6;Sim
7042.0;10:03:58;-19.756696065;-50.467567444;4.8;Sim
7042.0;10:05:06;-19.757484436;-50.468018850;5.9;Sim
7042.0;10:06:11;-19.758282344;-50.468482971;4.7;Sim
7042.0;10:07:16;-19.759077072;-50.468947093;5.3;Sim
7042.0;10:08:23;-19.759878159;-50.469398499;5.7;Sim
7042.0;10:08:38;-19.760075251;-50.469512939;4.4;Sim
7042.0;10:08:48;-19.760189692;-50.469582876;4.1;Sim
7042.0;10:09:55;-19.760974884;-50.470034281;6.0;Sim
7042.0;10:10:49;-19.761448542;-50.470294952;2.6;Não
7042.0;10:11:50;-19.761842728;-50.469455719;5.8;Não
7042.0;10:12:20;-19.762004852;-50.469080607;4.8;Não
7042.0;10:14:17;-19.762287776;-50.468406677;2.3;Sim
7042.0;10:14:43;-19.762173335;-50.468349457;0.0;Não
7042.0;10:15:43;-19.762166977;-50.468349457;0.0;Não
7042.0;10:17:16;-19.761375427;-50.467885335;3.9;Sim
7042.0;10:18:41;-19.760580699;-50.467433929;5.2;Sim
7042.0;10:19:16;-19.760269165;-50.467249552;3.7;Sim
7042.0;10:19:53;-19.759897232;-50.467033386;3.9;Sim
7042.0;10:21:20;-19.759137472;-50.466594696;0.0;Não
7042.0;10:29:37;-19.756238302;-50.464903514;0.0;Não
7042.0;10:31:08;-19.756031672;-50.465755463;4.3;Não
7042.0;10:31:23;-19.756034851;-50.465749105;2.4;Sim
7042.0;10:31:31;-19.756092072;-50.465787252;4.3;Sim
7042.0;10:31:52;-19.756200155;-50.465850830;0.0;Não
7042.0;10:31:56;-19.756200155;-50.465850830;0.0;Não
7042.0;10:46:59;-19.756187439;-50.465850830;0.0;Não
7042.0;10:50:43;-19.756193797;-50.465850830;0.0;Não
7042.0;10:50:58;-19.756196976;-50.465850830;1.1;Sim
7042.0;10:51:03;-19.756231944;-50.465876261;3.9;Sim
7042.0;10:51:33;-19.756429036;-50.465984344;1.0;Sim
7042.0;10:51:42;-19.756355921;-50.465939840;5.0;Sim
7042.0;10:52:06;-19.756320953;-50.465933482;3.7;Sim
7042.0;10:52:21;-19.756441752;-50.466009776;0.0;Não
7042.0;10:53:21;-19.756018957;-50.465774536;1.8;Sim
7042.0;10:53:29;-19.756082535;-50.465806325;3.8;Sim
7042.0;10:54:01;-19.756397247;-50.465977987;0.0;Não
7042.0;10:57:48;-19.757010778;-50.466772715;7.9;Não
7042.0;10:58:25;-19.757652918;-50.467046102;7.6;Não
7042.0;10:59:13;-19.758473078;-50.467453003;7.8;Não
7042.0;11:00:15;-19.758870443;-50.467294057;0.0;Não
7042.0;11:00:26;-19.758934021;-50.467306773;3.9;Sim
7042.0;11:00:47;-19.759007136;-50.467344920;0.0;Não
7042.0;11:02:06;-19.759795507;-50.467809041;5.1;Sim
7042.0;11:03:20;-19.760577520;-50.468266805;5.0;Sim
7042.0;11:03:42;-19.760761897;-50.468368530;0.0;Não
7042.0;11:03:50;-19.760726929;-50.468343099;2.0;Sim
7042.0;11:04:07;-19.760761897;-50.468362172;2.7;Sim
7042.0;11:05:29;-19.761562983;-50.468813578;4.6;Sim
7042.0;11:06:16;-19.761963526;-50.469048818;0.0;Não
7042.0;11:07:41;-19.762275060;-50.468406677;2.2;Sim
7042.0;11:07:48;-19.762233734;-50.468374888;0.0;Não
7042.0;11:08:55;-19.761683782;-50.468063354;5.1;Sim
7042.0;11:10:09;-19.760885874;-50.467611949;5.1;Sim
7042.0;11:10:13;-19.760844549;-50.467586517;5.1;Sim
7042.0;11:11:26;-19.760059357;-50.467128754;5.1;Sim
7042.0;11:12:41;-19.759261449;-50.466664632;5.0;Sim
7042.0;11:13:01;-19.759115219;-50.466575623;0.0;Não
7042.0;11:13:57;-19.758368174;-50.466130575;5.6;Não
7042.0;11:14:09;-19.758244197;-50.466054281;3.3;Sim
7042.0;11:15:24;-19.757452647;-50.465590159;5.1;Sim
7042.0;11:15:30;-19.757382711;-50.465558370;5.2;Sim
7042.0;11:15:42;-19.757246017;-50.465475718;5.4;Sim
7042.0;11:16:52;-19.756432215;-50.465011597;6.4;Sim
7042.0;11:17:13;-19.756216049;-50.464890798;0.0;Não
7042.0;11:18:52;-19.756034851;-50.465723674;3.0;Não
7042.0;11:18:58;-19.756006241;-50.465717316;1.9;Sim
7042.0;11:19:06;-19.756041209;-50.465736389;3.6;Sim
7042.0;11:19:56;-19.756409963;-50.465958913;3.4;Sim
7042.0;11:20:06;-19.756448110;-50.465984344;1.8;Não
7042.0;11:21:10;-19.756845474;-50.466709137;7.5;Não
7042.0;11:21:41;-19.757382711;-50.466944377;7.5;Não
7042.0;11:22:30;-19.758199692;-50.467332204;7.3;Não
7042.0;11:23:31;-19.758806864;-50.467351278;3.4;Sim
7042.0;11:23:37;-19.758860906;-50.467376709;3.8;Sim
7042.0;11:24:05;-19.758911769;-50.467402140;0.0;Não
7042.0;11:25:20;-19.759700139;-50.467859904;4.4;Sim
7042.0;11:26:30;-19.760488510;-50.468317668;5.5;Sim
7042.0;11:27:43;-19.761283239;-50.468775431;5.1;Sim
7042.0;11:28:44;-19.761919022;-50.469131470;0.0;Não
7042.0;11:30:05;-19.762268702;-50.468381246;0.9;Sim
7042.0;11:31:25;-19.761467616;-50.467917124;5.3;Sim
7042.0;11:32:34;-19.760663350;-50.467465719;5.1;Sim
7042.0;11:34:12;-19.759538015;-50.466804504;4.9;Sim
7042.0;11:34:35;-19.759270986;-50.466658274;4.9;Sim
7042.0;11:35:00;-19.759026210;-50.466423035;5.6;Não
7042.0;11:35:41;-19.758396784;-50.466130575;5.4;Sim
7042.0;11:35:48;-19.758323669;-50.466086070;3.9;Sim
7042.0;11:37:01;-19.757535299;-50.465634664;5.3;Sim
7042.0;11:38:33;-19.756403605;-50.464979808;7.2;Sim
7042.0;11:38:50;-19.756225586;-50.464878082;1.1;Sim
7042.0;11:38:59;-19.756225586;-50.464878082;0.0;Não
7042.0;11:44:28;-19.756069819;-50.465730031;4.6;Sim
7042.0;11:44:35;-19.756031672;-50.465704600;1.1;Sim
7042.0;11:45:35;-19.756425858;-50.465933482;2.5;Sim
7042.0;11:46:30;-19.756031672;-50.465698242;1.4;Sim
7042.0;11:48:43;-19.756155650;-50.465812683;0.0;Não
7042.0;11:48:49;-19.756155650;-50.465812683;0.0;Não
7042.0;11:49:16;-19.756155650;-50.465812683;0.0;Não
7042.0;12:04:16;-19.756149292;-50.465812683;0.0;Não
7042.0;12:09:16;-19.756149292;-50.465806325;0.0;Não
7042.0;12:19:16;-19.756165187;-50.465793610;0.0;Não
7042.0;12:24:16;-19.756152471;-50.465793610;0.0;Não
7042.0;12:29:16;-19.756158829;-50.465812683;0.0;Não
7042.0;12:40:47;-19.756034851;-50.465647380;1.2;Sim
7042.0;12:40:55;-19.756072998;-50.465679169;3.5;Sim
7042.0;12:41:13;-19.756123861;-50.465717316;0.0;Não
7042.0;12:41:17;-19.756120682;-50.465717316;0.0;Não
7042.0;12:41:24;-19.756123861;-50.465717316;1.5;Sim
7042.0;12:42:10;-19.756460826;-50.465908051;2.4;Não
7042.0;12:43:16;-19.756820043;-50.466677348;6.3;Não
7042.0;12:43:41;-19.757198334;-50.466836294;6.6;Não
7042.0;12:44:34;-19.758031209;-50.467230479;6.7;Não
7042.0;12:45:39;-19.758800507;-50.467344920;2.9;Não
7042.0;12:45:48;-19.758838654;-50.467357635;3.2;Sim
7042.0;12:45:54;-19.758883158;-50.467383067;4.0;Sim
7042.0;12:47:11;-19.759671529;-50.467840830;5.1;Sim
7042.0;12:48:25;-19.760466258;-50.468304952;4.3;Sim
7042.0;12:49:41;-19.761264165;-50.468756358;4.2;Sim
7042.0;12:49:45;-19.761308670;-50.468781789;4.6;Sim
7042.0;12:50:04;-19.761518478;-50.468902588;4.6;Sim
7042.0;12:50:54;-19.761925379;-50.469125112;0.0;Não
7042.0;12:52:06;-19.762281418;-50.468368530;3.4;Sim
7042.0;12:52:12;-19.762233734;-50.468324025;4.5;Sim
7042.0;12:52:29;-19.762055715;-50.468228658;5.5;Sim
7042.0;12:54:40;-19.760472616;-50.467300415;5.6;Sim
7042.0;12:55:43;-19.759677887;-50.466842651;5.4;Sim
7042.0;12:56:38;-19.759092967;-50.466461182;8.0;Não
7042.0;13:01:36;-19.755996704;-50.465761820;3.5;Não
7042.0;13:01:43;-19.756012599;-50.465780894;2.0;Sim
7042.0;13:01:49;-19.756053925;-50.465819041;3.6;Sim
7042.0;13:02:39;-19.756454468;-50.466047923;2.7;Não
7042.0;13:04:28;-19.757633845;-50.467027028;7.1;Não
7042.0;13:05:16;-19.758450826;-50.467440287;5.9;Não
7042.0;13:06:03;-19.758832296;-50.467376709;4.0;Sim
7042.0;13:06:07;-19.758864085;-50.467389425;3.8;Sim
7042.0;13:06:32;-19.758988063;-50.467465719;1.4;Sim
7042.0;13:07:46;-19.759782791;-50.467917124;6.0;Sim
7042.0;13:13:48;-19.760116577;-50.468120575;0.0;Não
7042.0;13:17:29;-19.760132472;-50.468120575;2.8;Sim
7042.0;13:18:40;-19.760939916;-50.468578339;5.9;Sim
7042.0;13:19:46;-19.761731466;-50.469036102;5.1;Sim
7042.0;13:20:16;-19.761941274;-50.469150543;2.0;Sim
7042.0;13:20:23;-19.761982600;-50.469131470;3.2;Não
7042.0;13:21:28;-19.762268702;-50.468425751;2.2;Sim
7042.0;13:21:37;-19.762265523;-50.468419393;1.5;Sim
7042.0;13:21:41;-19.762243271;-50.468400319;4.7;Sim
7042.0;13:23:06;-19.761451721;-50.467942556;4.7;Sim
7042.0;13:24:26;-19.760656993;-50.467491150;4.4;Sim
7042.0;13:25:42;-19.759890874;-50.467039744;5.1;Sim
7042.0;13:31:39;-19.756222407;-50.464909871;0.0;Não
7042.0;13:32:47;-19.756193797;-50.465488434;4.1;Sim
7042.0;13:33:09;-19.756400426;-50.465602875;3.8;Sim
7042.0;13:33:38;-19.756305059;-50.465545654;2.6;Sim
7042.0;13:33:49;-19.756235123;-50.465501149;3.3;Sim
7042.0;13:35:13;-19.756155650;-50.465475718;2.8;Sim
7042.0;13:35:44;-19.756454468;-50.465660095;1.9;Sim
7042.0;13:36:14;-19.756212870;-50.465501149;4.7;Sim
7042.0;13:36:55;-19.756251017;-50.465545654;5.1;Sim
7042.0;13:37:47;-19.756212870;-50.465513865;3.2;Sim
7042.0;13:39:11;-19.756104787;-50.465463003;4.2;Sim
7042.0;13:40:44;-19.756079356;-50.465838114;0.0;Não
7042.0;13:40:59;-19.756123861;-50.465869904;4.3;Sim
7042.0;13:41:35;-19.756460826;-50.466066996;2.3;Não
7042.0;13:42:37;-19.756956736;-50.466740926;7.2;Não
7042.0;13:43:11;-19.757506688;-50.466969808;7.0;Não
7042.0;13:44:01;-19.758333206;-50.467376709;7.4;Não
7042.0;13:44:57;-19.758879979;-50.467325846;3.1;Sim
7042.0;13:45:27;-19.758975347;-50.467383067;0.0;Não
7042.0;13:46:47;-19.759766897;-50.467840830;4.9;Sim
7042.0;13:48:04;-19.760564804;-50.468304952;5.0;Sim
7042.0;13:49:17;-19.761359533;-50.468750000;4.9;Sim
7042.0;13:50:16;-19.761953990;-50.469099681;1.6;Sim
7042.0;13:50:24;-19.761953990;-50.469099681;0.0;Não
7042.0;13:51:39;-19.761919022;-50.469048818;3.1;Sim
7042.0;13:51:56;-19.761855443;-50.469010671;3.7;Sim
7042.0;13:52:10;-19.761833191;-50.469004313;0.0;Não
7042.0;13:52:15;-19.761833191;-50.469004313;0.0;Não
7042.0;13:53:35;-19.761041641;-50.468540192;4.6;Sim
7042.0;13:54:43;-19.760335922;-50.468139648;5.4;Sim
7042.0;13:55:58;-19.759550730;-50.467675527;6.2;Sim
7042.0;13:57:12;-19.758876801;-50.467294057;1.6;Não
7042.0;13:57:51;-19.758895874;-50.467319489;2.0;Sim
7042.0;13:58:17;-19.759019852;-50.467389425;0.0;Não
7042.0;13:58:25;-19.759026210;-50.467402140;2.3;Sim
7042.0;13:59:41;-19.759817759;-50.467853546;5.3;Sim
7042.0;14:00:53;-19.760612488;-50.468317668;4.9;Sim
7042.0;14:02:06;-19.761410395;-50.468775431;5.6;Sim
7042.0;14:03:07;-19.761963526;-50.469093323;0.0;Não
7042.0;14:03:43;-19.761960347;-50.469080607;2.4;Sim
7042.0;14:04:11;-19.761817296;-50.469004313;0.0;Não
7042.0;14:04:46;-19.761486689;-50.468800863;4.9;Sim
7042.0;14:05:36;-19.760936737;-50.468482971;5.0;Sim
7042.0;14:06:53;-19.760145187;-50.468031565;5.1;Sim
7042.0;14:08:56;-19.758883158;-50.467300415;0.0;Não
7042.0;14:09:37;-19.758918126;-50.467268626;2.9;Sim
7042.0;14:09:54;-19.759067535;-50.467351278;4.4;Sim
7042.0;14:10:08;-19.759070714;-50.467357635;0.0;Não
7042.0;14:10:32;-19.759073893;-50.467363993;2.2;Sim
7042.0;14:11:48;-19.759862264;-50.467815399;4.7;Sim
7042.0;14:12:13;-19.760103861;-50.467955271;0.0;Não
7042.0;14:12:21;-19.760062536;-50.467936198;0.0;Não
7042.0;14:12:31;-19.760062536;-50.467936198;1.0;Sim
7042.0;14:12:51;-19.760072072;-50.467936198;4.1;Sim
7042.0;14:13:02;-19.760030746;-50.467910767;4.4;Sim
7042.0;14:14:27;-19.760835012;-50.468368530;5.1;Sim
7042.0;14:14:40;-19.760885874;-50.468393962;0.0;Não
7042.0;14:14:49;-19.760850906;-50.468374888;1.8;Não
7042.0;14:14:55;-19.760841370;-50.468368530;2.5;Sim
7042.0;14:15:11;-19.760857264;-50.468374888;3.9;Sim
7042.0;14:15:15;-19.760869980;-50.468381246;1.5;Sim
7042.0;14:15:24;-19.760844549;-50.468374888;3.5;Sim
7042.0;14:16:45;-19.761639277;-50.468832652;4.5;Sim
7042.0;14:17:30;-19.761998494;-50.469042460;0.0;Não
7042.0;14:19:16;-19.762287776;-50.468432109;0.0;Não
7042.0;14:19:20;-19.762287776;-50.468438466;0.0;Não
7042.0;14:24:20;-19.762287776;-50.468419393;0.0;Não
7042.0;14:27:46;-19.762297312;-50.468425751;0.0;Não
7042.0;14:32:47;-19.762319565;-50.468432109;0.0;Não
7042.0;14:37:47;-19.762306849;-50.468457540;0.0;Não
7042.0;14:40:57;-19.762303670;-50.468451182;0.0;Não
7042.0;14:44:13;-19.762297312;-50.468438466;1.3;Não
7042.0;14:44:20;-19.762278239;-50.468425751;1.7;Sim
7042.0;14:44:59;-19.762119293;-50.468336741;0.0;Não
7042.0;14:45:25;-19.762109756;-50.468324025;2.5;Não
7042.0;14:47:01;-19.761330922;-50.467872620;4.6;Sim
7042.0;14:48:29;-19.760539373;-50.467414856;4.4;Sim
7042.0;14:49:57;-19.759744644;-50.466950734;4.1;Sim
7042.0;14:51:09;-19.759124756;-50.466594696;1.1;Não
7042.0;14:52:15;-19.758415858;-50.466156006;6.5;Não
7042.0;14:52:40;-19.758072535;-50.465997060;4.1;Não
7042.0;14:52:50;-19.758015315;-50.465958913;2.8;Não
7042.0;14:55:47;-19.756432215;-50.465030670;3.6;Sim
7042.0;14:56:53;-19.756263733;-50.464903514;2.1;Sim
7042.0;14:57:41;-19.756177902;-50.465310415;1.4;Não
7042.0;14:58:11;-19.756184260;-50.465297699;3.9;Não
7042.0;14:59:04;-19.756034851;-50.465787252;3.3;Não
7042.0;14:59:20;-19.756063461;-50.465844472;2.7;Não
7042.0;14:59:36;-19.756088893;-50.465863546;3.2;Não
7042.0;15:00:35;-19.756498973;-50.466181437;6.9;Não
7042.0;15:01:40;-19.757052104;-50.466810862;6.6;Não
7042.0;15:02:06;-19.757452647;-50.466969808;6.2;Não
7042.0;15:03:01;-19.758279165;-50.467363993;6.9;Não
7042.0;15:04:04;-19.758864085;-50.467408498;2.0;Sim
7042.0;15:05:44;-19.759658813;-50.467853546;4.9;Sim
7042.0;15:06:59;-19.760450363;-50.468311310;4.4;Sim
7042.0;15:08:17;-19.761248271;-50.468781789;4.3;Sim
7042.0;15:09:38;-19.761941274;-50.469175975;1.5;Sim
7042.0;15:09:49;-19.761992137;-50.469137828;4.0;Não
7042.0;15:09:59;-19.761988958;-50.469061534;2.5;Sim
7042.0;15:11:35;-19.762255987;-50.468463898;1.5;Não
7042.0;15:12:24;-19.762252808;-50.468438466;3.0;Não
7042.0;15:16:43;-19.759868622;-50.467065175;4.0;Sim
7042.0;15:16:47;-19.759833654;-50.467039744;5.0;Sim
7042.0;15:18:03;-19.759127935;-50.466639201;0.0;Não
7042.0;15:20:04;-19.757662455;-50.465780894;3.0;Sim
7042.0;15:21:40;-19.756759644;-50.465259552;4.1;Sim
7042.0;15:22:35;-19.756251017;-50.464960734;0.0;Não
7042.0;15:23:13;-19.756263733;-50.464948018;2.2;Sim
7042.0;15:23:57;-19.756193797;-50.465297699;0.0;Não
7042.0;15:24:08;-19.756193797;-50.465316772;2.3;Não
7042.0;15:25:03;-19.756104787;-50.465704600;0.0;Não
7042.0;15:25:18;-19.756050746;-50.465876261;5.1;Não
7042.0;15:25:38;-19.756003062;-50.466098785;3.3;Não
7042.0;15:26:18;-19.756076177;-50.465876261;2.1;Não
7042.0;15:26:32;-19.756114324;-50.465908051;0.0;Não
7042.0;15:27:12;-19.756470362;-50.466105143;0.0;Não
7042.0;15:27:37;-19.756483078;-50.466200511;3.5;Sim
7042.0;15:28:07;-19.756530762;-50.466512044;3.7;Não
7042.0;15:28:27;-19.756591161;-50.466575623;0.0;Não
7042.0;15:28:38;-19.756607056;-50.466588338;3.6;Não
7042.0;15:29:12;-19.756912231;-50.466772715;4.7;Não
7042.0;15:29:38;-19.757179260;-50.466887156;4.4;Não
7042.0;15:31:01;-19.758008957;-50.467262268;4.0;Não
7042.0;15:31:36;-19.758279165;-50.467402140;0.0;Não
7042.0;15:31:55;-19.758291880;-50.467402140;3.0;Não
7042.0;15:32:34;-19.758714676;-50.467453003;3.0;Não
7042.0;15:32:57;-19.758857727;-50.467414856;2.9;Não
7042.0;15:33:10;-19.758959452;-50.467478434;0.0;Não
7042.0;15:33:25;-19.758962631;-50.467478434;0.0;Não
7042.0;15:38:32;-19.758959452;-50.467491150;0.0;Não
7042.0;15:43:32;-19.758975347;-50.467478434;0.0;Não
7042.0;15:48:32;-19.758972168;-50.467478434;0.0;Não
7042.0;15:53:32;-19.758972168;-50.467465719;0.0;Não
7042.0;15:58:32;-19.758968989;-50.467478434;0.0;Não
7042.0;16:02:40;-19.758892695;-50.467433929;1.9;Não
7042.0;16:03:09;-19.758857727;-50.467376709;0.0;Não
7042.0;16:03:16;-19.758857727;-50.467376709;0.0;Não
7042.0;16:08:16;-19.758845011;-50.467363993;0.0;Não
7042.0;16:12:32;-19.758876801;-50.467402140;2.3;Não
7042.0;16:12:51;-19.758914948;-50.467421214;1.6;Não
7042.0;16:12:58;-19.758946737;-50.467446645;1.6;Não
7042.0;16:14:18;-19.759731929;-50.467929840;4.9;Não
7042.0;16:15:35;-19.760548910;-50.468400319;5.3;Sim
7042.0;16:16:48;-19.761337280;-50.468845367;5.1;Sim
7042.0;16:17:59;-19.761941274;-50.469188690;1.5;Sim
7042.0;16:18:20;-19.761966705;-50.469036102;3.8;Sim
7042.0;16:21:47;-19.761400859;-50.467955271;5.1;Sim
7042.0;16:23:01;-19.760602951;-50.467491150;5.8;Sim
7042.0;16:23:37;-19.760218302;-50.467274984;4.7;Sim
7042.0;16:23:59;-19.759973526;-50.467141469;5.5;Sim
7042.0;16:25:13;-19.759178797;-50.466677348;5.7;Sim
7042.0;16:25:27;-19.759115219;-50.466639201;0.0;Não
7042.0;16:26:34;-19.758431753;-50.466162364;7.4;Não
7042.0;16:27:03;-19.757958094;-50.465958913;7.4;Não
7042.0;16:27:26;-19.757633845;-50.465780894;4.6;Sim
7042.0;16:28:44;-19.756839116;-50.465310415;5.8;Sim
7042.0;16:29:48;-19.756244659;-50.464960734;1.0;Sim
7042.0;16:30:19;-19.756266912;-50.464973450;2.8;Sim
7042.0;16:30:53;-19.756222407;-50.465195974;0.0;Não
7042.0;16:31:03;-19.756216049;-50.465208689;3.3;Não
7042.0;16:31:59;-19.756101608;-50.465704600;4.1;Não
7042.0;16:32:15;-19.756050746;-50.465895335;4.5;Não
7042.0;16:32:35;-19.756009420;-50.466098785;2.6;Não
7042.0;16:33:20;-19.756076177;-50.465882619;1.9;Não
7042.0;16:34:26;-19.756457647;-50.466213226;2.0;Sim
7042.0;16:34:49;-19.756460826;-50.466340383;0.0;Não
7042.0;16:35:02;-19.756460826;-50.466359456;4.4;Não
7042.0;16:36:39;-19.757163366;-50.466880798;4.1;Não
7042.0;16:38:23;-19.758145650;-50.467332204;3.2;Não
7042.0;16:40:17;-19.758822759;-50.467408498;2.6;Não
7042.0;16:41:41;-19.759636561;-50.467898051;5.0;Sim
7042.0;16:42:54;-19.760434469;-50.468362172;4.8;Sim
7042.0;16:44:02;-19.761229197;-50.468813578;4.9;Sim
7042.0;16:45:14;-19.761931737;-50.469195048;1.8;Não
7042.0;16:46:31;-19.762240092;-50.468463898;4.5;Sim
7042.0;16:46:53;-19.762074788;-50.468362172;0.0;Não
7042.0;16:47:01;-19.762068431;-50.468362172;2.6;Sim
7042.0;16:49:19;-19.760491689;-50.467453003;4.7;Sim
7042.0;16:50:28;-19.759696960;-50.466995239;5.2;Sim
7042.0;16:51:29;-19.759102503;-50.466639201;0.0;Não
7042.0;16:52:20;-19.759083430;-50.466791789;3.3;Sim
7042.0;16:53:00;-19.759013494;-50.466982524;0.0;Não
7042.0;16:53:42;-19.758860906;-50.467319489;4.3;Não
7042.0;16:54:23;-19.758851369;-50.467440287;2.9;Não
7042.0;16:56:50;-19.760450363;-50.468368530;5.2;Sim
7042.0;16:58:01;-19.761241913;-50.468813578;5.6;Sim
7042.0;16:59:10;-19.761925379;-50.469207764;0.0;Não
7042.0;17:00:34;-19.762246450;-50.468470256;2.9;Sim
7042.0;17:01:57;-19.761458079;-50.468018850;4.3;Sim
7042.0;17:03:09;-19.760653814;-50.467554728;5.3;Sim
7042.0;17:04:19;-19.759862264;-50.467096965;4.7;Sim
7042.0;17:05:24;-19.759121577;-50.466677348;1.0;Sim
7042.0;17:06:09;-19.759127935;-50.466721853;3.0;Sim
7042.0;17:07:42;-19.758838654;-50.467344920;4.3;Não
7042.0;17:08:17;-19.758797328;-50.467421214;2.8;Não
7042.0;17:08:28;-19.758873622;-50.467465719;1.1;Não
7042.0;17:08:35;-19.758889516;-50.467472076;0.0;Não
7042.0;17:09:38;-19.759518941;-50.467847188;5.4;Sim
7042.0;17:10:45;-19.760307312;-50.468304952;5.2;Sim
7042.0;17:12:00;-19.761114756;-50.468769073;5.5;Sim
7042.0;17:13:09;-19.761899948;-50.469207764;4.3;Sim
7042.0;17:13:19;-19.761922201;-50.469220479;0.0;Não
7042.0;17:14:08;-19.761953990;-50.469010671;2.8;Sim
7042.0;17:14:26;-19.761896769;-50.468972524;0.0;Não
7042.0;17:14:44;-19.761896769;-50.468972524;1.0;Sim
7042.0;17:15:53;-19.761105220;-50.468514760;4.9;Sim
7042.0;17:17:00;-19.760310491;-50.468056997;5.5;Sim
7042.0;17:18:05;-19.759506226;-50.467605591;5.8;Sim
7042.0;17:19:04;-19.758908590;-50.467262268;2.7;Sim
7042.0;17:19:49;-19.758794149;-50.467440287;3.1;Sim
7042.0;17:21:06;-19.759588877;-50.467885335;5.1;Sim
7042.0;17:22:11;-19.760377248;-50.468343099;5.3;Sim
7042.0;17:23:17;-19.761171977;-50.468800863;5.5;Sim
7042.0;17:24:30;-19.761922201;-50.469233195;1.5;Sim
7042.0;17:25:07;-19.761963526;-50.469004313;2.5;Sim
7042.0;17:25:26;-19.761896769;-50.468953451;0.0;Não
7042.0;17:25:33;-19.761890411;-50.468953451;2.8;Sim
7042.0;17:26:42;-19.761098862;-50.468489329;4.5;Sim
7042.0;17:27:50;-19.760294596;-50.468025208;4.8;Sim
7042.0;17:28:57;-19.759506226;-50.467580160;5.8;Sim
7042.0;17:29:55;-19.758921305;-50.467236837;1.9;Sim
7042.0;17:30:50;-19.758822759;-50.467465719;4.1;Sim
7042.0;17:32:07;-19.759620667;-50.467929840;4.7;Sim
7042.0;17:33:18;-19.760415395;-50.468393962;5.4;Sim
7042.0;17:34:28;-19.761229197;-50.468845367;5.8;Sim
7042.0;17:35:40;-19.761909485;-50.469239553;0.0;Não
7042.0;17:40:14;-19.761884054;-50.468928019;2.0;Não
7042.0;17:40:18;-19.761868159;-50.468921661;2.6;Não
7042.0;17:40:42;-19.761636098;-50.468788147;4.1;Não
7042.0;17:41:54;-19.760844549;-50.468343099;5.1;Não
7042.0;17:42:01;-19.760765076;-50.468304952;5.9;Não
7042.0;17:42:06;-19.760733287;-50.468279521;0.0;Não
7042.0;17:42:23;-19.760637919;-50.468222300;4.9;Sim
7042.0;17:43:35;-19.759840012;-50.467764537;4.9;Sim
7042.0;17:44:47;-19.759048462;-50.467300415;4.5;Sim
7042.0;17:45:13;-19.758889516;-50.467236837;1.9;Não
7042.0;17:45:48;-19.758810043;-50.467478434;2.8;Sim
7042.0;17:47:03;-19.759607951;-50.467942556;4.8;Sim
7042.0;17:48:13;-19.760386785;-50.468393962;5.7;Sim
7042.0;17:49:34;-19.761181513;-50.468845367;4.8;Sim
7042.0;17:51:07;-19.761928558;-50.469252268;1.3;Não
7042.0;17:51:38;-19.762008031;-50.468985240;3.0;Sim
7042.0;17:52:01;-19.761909485;-50.468921661;0.0;Não
7042.0;17:54:31;-19.760297775;-50.467993418;4.5;Sim
7042.0;17:56:38;-19.758924484;-50.467205048;3.4;Sim
7042.0;17:57:40;-19.758790970;-50.467472076;2.1;Sim
7042.0;17:59:10;-19.759582520;-50.467942556;4.0;Sim
7042.0;18:00:26;-19.760374069;-50.468400319;4.6;Sim
7042.0;18:00:46;-19.760510763;-50.468463898;0.0;Não
7042.0;18:00:51;-19.760507584;-50.468463898;0.0;Não
7042.0;18:01:01;-19.760507584;-50.468463898;0.0;Não
7042.0;18:06:01;-19.760504405;-50.468463898;0.0;Não
7042.0;18:11:01;-19.760501226;-50.468457540;0.0;Não
7042.0;18:16:01;-19.760498047;-50.468451182;0.0;Não
7042.0;18:21:01;-19.760504405;-50.468457540;0.0;Não
7042.0;18:26:01;-19.760504405;-50.468451182;0.0;Não
7042.0;18:31:01;-19.760504405;-50.468457540;0.0;Não
7042.0;18:35:47;-19.760510763;-50.468457540;0.0;Não
7042.0;18:36:24;-19.760545731;-50.468470256;2.2;Sim
7042.0;18:36:29;-19.760583878;-50.468489329;3.6;Sim
7042.0;18:37:42;-19.761372248;-50.468934377;5.5;Sim
7042.0;18:39:29;-19.762014389;-50.468953451;1.2;Sim
7042.0;18:39:52;-19.761938095;-50.468902588;0.0;Não
7042.0;18:41:07;-19.761137009;-50.468438466;5.7;Sim
7042.0;18:42:17;-19.760348638;-50.467993418;5.2;Sim
7042.0;18:43:25;-19.759611130;-50.467554728;4.5;Sim
7042.0;18:44:37;-19.758930842;-50.467179616;1.0;Sim
7042.0;18:45:26;-19.758749644;-50.467446645;2.0;Sim
7042.0;18:45:40;-19.758778254;-50.467472076;2.4;Sim
7042.0;18:46:59;-19.759563446;-50.467936198;4.8;Sim
7042.0;18:48:10;-19.760358175;-50.468393962;5.3;Sim
7042.0;18:49:22;-19.761152903;-50.468845367;4.5;Sim
7042.0;18:50:44;-19.761896769;-50.469271342;2.7;Sim
7042.0;18:51:23;-19.762014389;-50.468947093;3.1;Sim
7042.0;18:51:40;-19.761966705;-50.468915304;0.0;Não
7042.0;18:51:45;-19.761963526;-50.468902588;2.1;Sim
7042.0;18:53:03;-19.761175156;-50.468451182;4.8;Sim
7042.0;18:54:12;-19.760380427;-50.467993418;6.2;Sim
7042.0;18:55:21;-19.759592056;-50.467535655;5.4;Sim
7042.0;18:57:18;-19.758733749;-50.467453003;1.6;Sim
7042.0;18:58:43;-19.759528478;-50.467910767;5.3;Sim
7042.0;19:01:07;-19.761117935;-50.468832652;4.8;Sim
7042.0;19:02:19;-19.761884054;-50.469277700;0.0;Não
7042.0;19:02:31;-19.761887232;-50.469277700;1.2;Sim
7042.0;19:03:23;-19.762014389;-50.468915304;3.2;Sim
7042.0;19:03:42;-19.761903127;-50.468845367;0.0;Não
7042.0;19:04:04;-19.761887232;-50.468839010;5.1;Sim
7042.0;19:05:14;-19.761086146;-50.468374888;5.5;Sim
7042.0;19:06:22;-19.760291417;-50.467910767;5.2;Sim
7042.0;19:07:31;-19.759493510;-50.467446645;5.6;Sim
7042.0;19:07:54;-19.759251912;-50.467319489;0.0;Não
7042.0;19:08:13;-19.759286880;-50.467344920;3.3;Sim
7042.0;19:08:25;-19.759356817;-50.467376709;1.9;Sim
7042.0;19:08:36;-19.759293238;-50.467332204;2.1;Sim
7042.0;19:08:44;-19.759270986;-50.467325846;3.0;Sim
7042.0;19:08:54;-19.759315491;-50.467351278;3.5;Sim
7042.0;19:09:39;-19.758949916;-50.467141469;2.4;Sim
7042.0;19:10:53;-19.758768717;-50.467491150;4.4;Sim
7042.0;19:12:04;-19.759563446;-50.467955271;4.9;Sim
7042.0;19:13:16;-19.760358175;-50.468406677;5.4;Sim
7042.0;19:14:29;-19.761165619;-50.468864441;5.2;Sim
7042.0;19:15:48;-19.761912664;-50.469303131;1.5;Sim
7042.0;19:17:16;-19.761960347;-50.468864441;3.5;Sim
7042.0;19:18:29;-19.761162440;-50.468406677;5.2;Sim
7042.0;19:19:39;-19.760364532;-50.467955271;5.8;Sim
7042.0;19:20:50;-19.759569804;-50.467491150;5.1;Sim
7042.0;19:21:49;-19.758953094;-50.467128754;0.0;Não
7042.0;19:23:11;-19.758749644;-50.467491150;3.2;Sim
7042.0;19:24:30;-19.759550730;-50.467961629;4.6;Sim
7042.0;19:25:42;-19.760342280;-50.468425751;4.6;Sim
7042.0;19:26:58;-19.761140188;-50.468870799;4.7;Sim
7042.0;19:28:10;-19.761884054;-50.469303131;0.0;Não
7042.0;19:28:15;-19.761896769;-50.469309489;1.6;Sim
7042.0;19:29:32;-19.762036641;-50.468896230;3.9;Sim
7042.0;19:29:53;-19.761922201;-50.468832652;0.0;Não
7042.0;19:30:21;-19.761903127;-50.468839010;3.9;Sim
7042.0;19:30:26;-19.761849085;-50.468807220;5.7;Sim
7042.0;19:30:33;-19.761775970;-50.468769073;0.0;Não
7042.0;19:31:10;-19.761934916;-50.468839010;0.0;Não
7042.0;19:31:22;-19.761931737;-50.468832652;0.0;Não
7042.0;19:32:05;-19.761925379;-50.468832652;2.7;Não
7042.0;19:32:20;-19.761807760;-50.468769073;0.0;Não
7042.0;19:32:24;-19.761782328;-50.468750000;4.1;Sim
7042.0;19:32:47;-19.761566162;-50.468629201;3.8;Sim
7042.0;19:33:57;-19.760777791;-50.468177795;5.0;Sim
7042.0;19:34:36;-19.760326385;-50.467917124;5.1;Sim
7042.0;19:35:45;-19.759522120;-50.467453003;5.5;Sim
7042.0;19:36:39;-19.758953094;-50.467128754;2.9;Sim
7042.0;19:37:36;-19.758670171;-50.467522939;3.6;Sim
7042.0;19:37:41;-19.758654277;-50.467548370;0.0;Não
7042.0;19:37:54;-19.758651098;-50.467522939;3.3;Sim
7042.0;19:38:00;-19.758632024;-50.467535655;3.1;Sim
7042.0;19:38:33;-19.758714676;-50.467497508;1.5;Sim
7042.0;19:40:05;-19.759509405;-50.467961629;4.8;Sim
7042.0;19:41:14;-19.760307312;-50.468419393;5.6;Sim
7042.0;19:42:21;-19.761098862;-50.468870799;5.3;Sim
7042.0;19:43:36;-19.761890411;-50.469334920;1.2;Sim
7042.0;19:44:49;-19.762049357;-50.468896230;2.3;Sim
7042.0;19:46:08;-19.761257807;-50.468451182;4.7;Sim
7042.0;19:47:25;-19.760459900;-50.467974345;4.9;Sim
7042.0;19:48:44;-19.759658813;-50.467522939;4.0;Sim
7042.0;19:49:54;-19.758981705;-50.467128754;0.0;Não
7042.0;19:51:24;-19.758698781;-50.467510223;2.3;Sim
7042.0;19:52:51;-19.759490331;-50.467961629;4.6;Sim
7042.0;19:54:06;-19.760281881;-50.468432109;5.0;Sim
7042.0;19:58:06;-19.762049357;-50.468877157;4.1;Sim
7042.0;19:59:24;-19.761257807;-50.468425751;3.7;Sim
7042.0;20:02:13;-19.759665171;-50.467503866;4.9;Sim
7042.0;20:03:34;-19.758975347;-50.467116038;0.0;Não
7042.0;20:05:15;-19.758794149;-50.467453003;0.0;Não
7042.0;20:05:19;-19.758790970;-50.467453003;0.0;Não
7042.0;20:10:19;-19.758803686;-50.467472076;0.0;Não
7042.0;20:15:19;-19.758806864;-50.467465719;0.0;Não
7042.0;20:20:19;-19.758806864;-50.467472076;0.0;Não
7042.0;20:25:19;-19.758800507;-50.467472076;0.0;Não
7042.0;20:27:17;-19.758632024;-50.467503866;4.5;Não
7042.0;20:28:10;-19.758638382;-50.467522939;2.1;Sim
7042.0;20:28:21;-19.758663813;-50.467535655;0.0;Não
7042.0;20:28:25;-19.758676529;-50.467548370;2.0;Sim
7042.0;20:29:53;-19.759477615;-50.468012492;5.4;Sim
7042.0;20:31:02;-19.760278702;-50.468470256;5.1;Sim
7042.0;20:32:13;-19.761073430;-50.468928019;5.5;Sim
7042.0;20:32:59;-19.761604309;-50.469233195;4.9;Sim
7042.0;20:33:29;-19.761874517;-50.469385783;0.0;Não
7042.0;20:34:35;-19.762065252;-50.468889872;3.0;Sim
7042.0;20:35:58;-19.761270523;-50.468432109;5.6;Sim
7042.0;20:37:07;-19.760466258;-50.467967987;5.3;Sim
7042.0;20:38:15;-19.759674708;-50.467503866;5.6;Sim
7042.0;20:39:19;-19.758965810;-50.467103322;0.0;Não
7042.0;20:41:11;-19.758565267;-50.467497508;1.9;Não
7042.0;20:41:16;-19.758590698;-50.467497508;2.7;Sim
7042.0;20:41:35;-19.758686066;-50.467548370;3.4;Sim
7042.0;20:41:52;-19.758574804;-50.467497508;4.2;Sim
7042.0;20:41:59;-19.758625666;-50.467522939;4.0;Sim
7042.0;20:43:16;-19.759433111;-50.467993418;5.7;Sim
7042.0;20:44:21;-19.760224660;-50.468451182;5.6;Sim
7042.0;20:45:27;-19.761025747;-50.468915304;6.1;Sim
7042.0;20:46:34;-19.761817296;-50.469379425;5.1;Sim
7042.0;20:46:42;-19.761845907;-50.469392141;0.0;Não
7042.0;20:49:18;-19.761238734;-50.468400319;5.6;Sim
7042.0;20:51:33;-19.759633382;-50.467491150;4.9;Sim
7042.0;20:52:22;-19.759054820;-50.467147827;5.7;Sim
7042.0;20:52:34;-19.758959452;-50.467096965;0.0;Não
7042.0;20:54:11;-19.758454005;-50.467453003;2.4;Não
7042.0;20:54:17;-19.758482615;-50.467465719;2.0;Sim
7042.0;20:54:25;-19.758539836;-50.467491150;4.0;Sim
7042.0;20:54:29;-19.758568446;-50.467503866;2.9;Sim
7042.0;20:55:54;-19.759369532;-50.467974345;5.1;Sim
7042.0;20:56:54;-19.760097504;-50.468400319;6.0;Sim
7042.0;20:57:49;-19.760749181;-50.468769073;5.2;Sim
7042.0;20:58:20;-19.761124293;-50.468985240;7.3;Sim
7042.0;20:59:32;-19.761823654;-50.469392141;0.0;Não
7042.0;21:00:40;-19.762058894;-50.468870799;3.2;Sim
7042.0;21:01:11;-19.761903127;-50.468775431;0.0;Não
7042.0;21:01:20;-19.761899948;-50.468775431;1.4;Sim
7042.0;21:02:30;-19.761102041;-50.468317668;5.1;Sim
7042.0;21:03:37;-19.760304133;-50.467859904;5.3;Sim
7042.0;21:04:25;-19.759731929;-50.467535655;5.7;Sim
7042.0;21:05:35;-19.758949916;-50.467084249;0.0;Não
7042.0;21:07:09;-19.758463542;-50.467478434;4.8;Sim
7042.0;21:08:28;-19.759258270;-50.467942556;2.8;Sim
7042.0;21:09:42;-19.760046641;-50.468406677;6.4;Sim
7042.0;21:10:52;-19.760838191;-50.468858083;5.8;Sim
7042.0;21:11:58;-19.761636098;-50.469309489;4.5;Sim
7042.0;21:12:27;-19.761820475;-50.469417572;0.0;Não
7042.0;21:13:55;-19.762062073;-50.468858083;2.5;Sim
7042.0;21:14:01;-19.762008031;-50.468832652;4.2;Sim
7042.0;21:14:21;-19.761915843;-50.468769073;0.0;Não
7042.0;21:14:28;-19.761915843;-50.468769073;0.0;Não
7042.0;21:14:32;-19.761919022;-50.468769073;0.0;Não
7042.0;21:19:32;-19.761896769;-50.468769073;0.0;Não
7042.0;21:24:32;-19.761903127;-50.468756358;0.0;Não
7042.0;21:29:32;-19.761925379;-50.468769073;0.0;Não
7042.0;21:34:32;-19.761909485;-50.468769073;0.0;Não
7042.0;21:39:32;-19.761903127;-50.468769073;0.0;Não
7042.0;21:46:25;-19.761874517;-50.468724569;1.6;Não
7042.0;21:47:44;-19.761076609;-50.468304952;4.6;Sim
7042.0;21:48:57;-19.760275523;-50.467847188;5.1;Sim
7042.0;21:50:59;-19.758946737;-50.467065175;0.0;Não
7042.0;21:52:35;-19.758454005;-50.467433929;3.7;Não
7042.0;21:52:58;-19.758374532;-50.467421214;3.4;Sim
7042.0;21:53:35;-19.758612951;-50.467561086;0.0;Não
7042.0;21:53:50;-19.758609772;-50.467561086;2.0;Sim
7042.0;21:55:19;-19.759417216;-50.468018850;6.0;Sim
7042.0;21:56:26;-19.760218302;-50.468470256;4.8;Sim
7042.0;21:57:34;-19.761000315;-50.468934377;4.8;Sim
7042.0;21:58:42;-19.761804581;-50.469392141;2.2;Sim
7042.0;21:58:48;-19.761826833;-50.469411214;1.7;Sim
7042.0;22:00:04;-19.762071609;-50.468826294;2.3;Sim
7042.0;22:01:20;-19.761280060;-50.468374888;5.1;Sim
7042.0;22:02:33;-19.760475794;-50.467904409;5.2;Sim
7042.0;22:02:57;-19.760196050;-50.467751821;5.2;Sim
7042.0;22:04:07;-19.759407679;-50.467287699;6.0;Sim
7042.0;22:04:24;-19.759223302;-50.467179616;5.1;Sim
7042.0;22:04:49;-19.758962631;-50.467027028;0.0;Não
7042.0;22:06:04;-19.758349101;-50.467363993;1.9;Não
7042.0;22:06:37;-19.758320491;-50.467376709;3.5;Não
7042.0;22:06:42;-19.758339564;-50.467408498;4.2;Sim
7042.0;22:08:11;-19.759131114;-50.467885335;5.2;Sim
7042.0;22:09:22;-19.759925842;-50.468336741;5.3;Sim
7042.0;22:10:37;-19.760714213;-50.468788147;5.1;Sim
7042.0;22:11:52;-19.761505763;-50.469239553;5.4;Sim
7042.0;22:12:24;-19.761807760;-50.469423930;1.8;Sim
7042.0;22:14:51;-19.761280060;-50.468349457;6.0;Sim
7042.0;22:17:10;-19.759687424;-50.467446645;5.4;Sim
7042.0;22:18:11;-19.758968989;-50.467014313;1.3;Sim
7042.0;22:19:25;-19.758320491;-50.467376709;4.6;Não
7042.0;22:19:42;-19.758129756;-50.467294057;4.9;Não
7042.0;22:20:43;-19.757894516;-50.467173258;5.2;Sim
7042.0;22:21:17;-19.758247375;-50.467376709;4.9;Sim
7042.0;22:21:36;-19.758330027;-50.467433929;0.0;Não
7042.0;22:22:14;-19.758342743;-50.467421214;0.0;Não
7042.0;22:23:31;-19.759134293;-50.467885335;5.1;Sim
7042.0;22:24:41;-19.759906769;-50.468324025;5.5;Sim
7042.0;22:25:50;-19.760698318;-50.468788147;6.2;Sim
7042.0;22:26:46;-19.761489868;-50.469245911;6.9;Sim
7042.0;22:28:01;-19.762036641;-50.469118754;0.0;Não
7042.0;22:28:06;-19.762036641;-50.469118754;0.0;Não
7042.0;22:33:06;-19.762046178;-50.469118754;0.0;Não
7042.0;22:36:51;-19.762036641;-50.469106038;0.0;Não
7042.0;22:40:41;-19.762084325;-50.468826294;2.2;Não
7042.0;22:41:09;-19.762027105;-50.468775431;2.4;Sim
7042.0;22:41:14;-19.761998494;-50.468756358;3.0;Sim
7042.0;22:41:29;-19.761973063;-50.468743642;0.0;Não
7042.0;22:41:39;-19.761960347;-50.468730927;2.3;Sim
7042.0;22:43:50;-19.760358175;-50.467789968;5.9;Sim
7042.0;22:44:53;-19.759563446;-50.467332204;6.3;Sim
7042.0;22:45:40;-19.758975347;-50.466995239;0.0;Não
7042.0;22:45:50;-19.758962631;-50.466982524;0.0;Não
7042.0;22:46:32;-19.758994420;-50.466995239;2.9;Sim
7042.0;22:46:57;-19.759061178;-50.467058818;0.0;Não
7042.0;22:47:36;-19.759073893;-50.467039744;1.1;Sim
7042.0;22:47:42;-19.759080251;-50.467046102;0.0;Não
7042.0;22:47:47;-19.759086609;-50.467046102;2.3;Sim
7042.0;22:49:00;-19.759887695;-50.467522939;5.8;Sim
7042.0;22:50:00;-19.760688782;-50.467974345;6.5;Sim
7042.0;22:53:35;-19.761801402;-50.469449361;1.9;Sim
7042.0;22:53:44;-19.761750539;-50.469423930;2.5;Sim
7042.0;22:54:08;-19.761632919;-50.469341278;5.3;Sim
7042.0;22:55:11;-19.760828654;-50.468896230;6.2;Sim
7042.0;22:56:13;-19.760021210;-50.468432109;6.0;Sim
7042.0;22:57:16;-19.759220123;-50.467974345;5.7;Sim
7042.0;22:58:01;-19.758647919;-50.467643738;6.7;Sim
7042.0;22:59:10;-19.757875443;-50.467198690;0.0;Não
7042.0;22:59:15;-19.757840474;-50.467179616;4.5;Sim
7042.0;22:59:34;-19.757637024;-50.467046102;4.7;Sim
7042.0;23:00:55;-19.757706960;-50.467103322;4.6;Sim
7042.0;23:01:03;-19.757783254;-50.467147827;3.9;Sim
7042.0;23:01:20;-19.757834117;-50.467179616;0.0;Não
7042.0;23:01:51;-19.757856369;-50.467185974;1.3;Sim
7042.0;23:02:04;-19.757862727;-50.467198690;0.0;Não
7042.0;23:02:38;-19.757862727;-50.467185974;0.0;Não
7042.0;23:02:42;-19.757862727;-50.467198690;0.0;Não
7042.0;23:05:10;-19.757862727;-50.467211405;1.0;Sim
7042.0;23:06:23;-19.758657455;-50.467656453;5.9;Sim
7042.0;23:07:33;-19.759410858;-50.468082428;0.0;Não
7042.0;23:07:47;-19.759385427;-50.468076070;0.0;Não
7042.0;23:12:50;-19.759375890;-50.468082428;0.0;Não
7042.0;23:17:50;-19.759366353;-50.468082428;0.0;Não
7042.0;23:18:14;-19.759372711;-50.468088786;1.4;Sim
7042.0;23:18:22;-19.759375890;-50.468088786;0.0;Não
7042.0;23:19:43;-19.760167440;-50.468546549;5.7;Sim
7042.0;23:20:57;-19.760965347;-50.469004313;5.2;Sim
7042.0;23:21:14;-19.761152903;-50.469106038;4.8;Sim
7042.0;23:21:46;-19.761512121;-50.469322205;5.1;Sim
7042.0;23:22:22;-19.761772792;-50.469468435;0.0;Não
7042.0;23:23:04;-19.761760076;-50.469474792;2.0;Sim
7042.0;23:23:12;-19.761741002;-50.469449361;1.7;Sim
7042.0;23:23:35;-19.761677424;-50.469417572;0.0;Não
7042.0;23:23:39;-19.761677424;-50.469417572;0.0;Não
7042.0;23:24:02;-19.761667887;-50.469417572;1.6;Não
7042.0;23:24:17;-19.761661530;-50.469411214;0.0;Não
7042.0;23:24:41;-19.761651993;-50.469398499;1.1;Não
7042.0;23:25:58;-19.760857264;-50.468953451;6.4;Sim
7042.0;23:27:01;-19.760059357;-50.468489329;6.4;Sim
7042.0;23:28:04;-19.759258270;-50.468025208;5.6;Sim
7042.0;23:29:10;-19.758460363;-50.467561086;6.0;Sim
7042.0;23:29:33;-19.758177439;-50.467408498;5.1;Sim
7042.0;23:30:18;-19.757630666;-50.467096965;5.0;Sim
7042.0;23:30:46;-19.757484436;-50.467007955;1.4;Não
7042.0;23:31:22;-19.757459005;-50.466982524;3.5;Sim
7042.0;23:31:30;-19.757513046;-50.467027028;3.6;Sim
7042.0;23:31:52;-19.757592519;-50.467065175;0.0;Não
7042.0;23:32:19;-19.757592519;-50.467084249;1.3;Sim
7042.0;23:32:26;-19.757602056;-50.467090607;0.0;Não
7042.0;23:32:33;-19.757605235;-50.467090607;1.4;Sim
7042.0;23:32:46;-19.757617950;-50.467096965;0.0;Não
7042.0;23:33:04;-19.757633845;-50.467096965;2.6;Sim
7042.0;23:34:15;-19.758428574;-50.467548370;5.7;Sim
7042.0;23:35:23;-19.759220123;-50.467999776;4.9;Sim
7042.0;23:37:39;-19.760739644;-50.468877157;5.5;Sim
7042.0;23:38:47;-19.761534373;-50.469334920;5.4;Sim
7042.0;23:39:22;-19.761769613;-50.469474792;0.0;Não
7042.0;23:39:41;-19.761744181;-50.469500224;2.0;Sim
7042.0;23:39:49;-19.761712392;-50.469474792;2.6;Sim
7042.0;23:40:10;-19.761639277;-50.469436646;0.0;Não
7042.0;23:40:14;-19.761639277;-50.469436646;0.0;Não
7042.0;23:40:56;-19.761636098;-50.469417572;1.6;Não
7042.0;23:42:08;-19.760838191;-50.468959808;5.3;Sim
7042.0;23:43:16;-19.760037104;-50.468508403;5.3;Sim
7042.0;23:44:04;-19.759474436;-50.468177795;5.8;Sim
7042.0;23:44:19;-19.759315491;-50.468082428;3.7;Sim
7042.0;23:45:31;-19.758517583;-50.467637380;5.5;Sim
7042.0;23:45:43;-19.758387248;-50.467561086;4.7;Sim
7042.0;23:46:06;-19.758164724;-50.467421214;5.2;Sim
7042.0;23:46:33;-19.757859548;-50.467249552;5.0;Sim
7042.0;23:47:27;-19.757357279;-50.466969808;0.0;Não
7042.0;23:48:32;-19.757331848;-50.466944377;3.6;Sim
7042.0;23:48:39;-19.757344564;-50.466950734;2.1;Não
7042.0;23:48:51;-19.757315954;-50.466938019;0.0;Não
7042.0;23:48:56;-19.757319132;-50.466925303;0.0;Não
7042.0;23:53:56;-19.757322311;-50.466944377;0.0;Não
